ID,樣品名稱,熱量(kcal),粗蛋白(g),粗脂肪(g),總碳水化合物(g)
1,大麥仁,364.6228,8.5578,1.5935,77.1418
2,大麥片,364.6155,8.636,1.79,76.6666
3,大麥仁粉,388.8475,7.118,1.3142,84.9554
4,麥茶,17.76,,,4.44
5,小米,370.1938,11.3135,3.655,71.6907
6,糯小米,360.1972,12.465,1.5164,72.5162
7,小麥,361.6418,14.118,2.565,69.1678
8,小麥胚芽,417.0033,31.362,11.585,47.9154
9,去筋麵粉,354.9493,0.181,0.1165,85.7443
10,低筋麵粉,363.6075,8.0855,1.175,78.1938
11,中筋麵粉,361.0283,11.4535,1.31,74.0972
12,高筋麵粉,361.5771,12.945,1.19,73.0587
13,高筋麵粉(2021年取樣),362.2052,13.805,1.2755,72.2213
14,全麥麵粉,359.2716,12.968,1.706,71.429
15,雜糧中筋麵粉,360.9425,13.113,2.2865,71.978
16,雜糧高筋麵粉,360.2967,14.288,2.7543,69.589
17,水餃皮,263.5227,7.7565,0.5075,56.9823
18,春捲皮,240.8092,8.29,0.652,50.4453
19,餛飩皮,270.9594,8.34,0.543,58.1781
20,乾麵條,356.6719,11.4963,1.3691,74.5912
21,油麵條,361.4515,11.4,1.2055,76.2505
22,紅蘿蔔麵,352.0976,12.082,0.97,73.7599
23,通心麵,358.5108,13.818,1.43,72.5922
24,菠菜條,355.5868,11.792,1.22,74.3597
25,鍋燒意麵,478.9512,10.0,22.77,58.5053
26,雞蛋麵,357.7832,12.511,0.94,74.8198
27,刀削麵,266.5936,8.353,0.94,56.1804
28,拉麵,292.2838,9.108,0.815,62.1292
29,意麵,289.6036,10.069,0.99,60.1044
30,衛生油麵,163.203,5.465,1.845,31.1845
31,金門黃麵,157.9974,6.411,0.5338,31.8873
32,冷凍烏龍麵,128.612,3.4,0.2528,28.1842
33,鍋燒麵,119.7796,4.4915,0.4,24.5534
34,長麵線,309.8942,10.7203,1.073,64.339
35,蚵仔麵線,306.9804,11.268,1.41,62.3046
36,麵線,349.7513,11.707,1.4957,72.3655
37,雞絲麵,463.032,9.4,22.83,54.9905
38,麵筋,642.9216,42.5115,53.0,0.0
39,麵腸,137.9372,20.636,1.85,9.6858
40,白玉米,65.8248,3.4,0.64,11.45
41,紫玉米,167.894,4.461,1.032,34.4208
42,甜玉米,106.9033,3.25,2.4772,17.8305
43,雙色水果玉米,105.403,3.104,2.5503,17.4564
44,糯玉米,172.1804,4.727,1.898,33.4494
45,冷凍玉米粒,173.5786,3.1,8.2,22.53
46,玉米筍,30.9043,2.248,0.2831,5.8064
47,乾玉米粒,373.0182,10.8765,3.9421,72.2077
48,玉米胚芽,365.8851,7.035,0.8954,80.3116
49,玉米粉,368.578,0.323,0.4163,88.3084
50,玉米粒罐頭,89.9804,2.3413,1.4356,16.9237
51,玉米醬罐頭,65.5421,1.4045,0.4445,13.9809
52,秈米平均值,356.5641,7.823,0.8554,77.3827
53,秈米(台中在來2號),354.788,8.2,1.0,76.3
54,秈米(台中秈10號),358.3403,7.446,0.7108,78.4653
55,粳米平均值,353.9518,7.0319,0.6964,77.8224
56,粳米(台中189號),355.6145,7.5,0.56,78.0588
57,粳米(台南11號),348.3469,6.741,0.4819,77.1738
58,粳米(台粳2號),356.7255,7.205,0.5069,78.7163
59,粳米(台粳8號),355.2428,6.928,0.4024,78.8316
60,粳米(台粳9號),353.2311,6.58,0.6335,78.2041
61,粳米(台農71號),356.6444,7.9183,0.6393,77.7507
62,粳米(高雄139號),357.2448,6.1225,1.1844,78.4933
63,粳米(高雄142號),352.516,7.0,0.6,77.7
64,粳米(高雄145號),364.4454,6.768,0.9792,80.0453
65,粳米(高雄139號)(2021年取樣),352.2554,5.666,0.4619,79.1833
66,越光米,339.5073,7.556,0.9765,73.25
67,白秈糯米(台中糯70號秈米),361.3604,7.8625,0.89,78.439
68,白粳糯米平均值,358.1558,8.29,0.81,77.418
69,白粳糯米(台中189號粳米),358.6265,8.38,0.52,78.036
70,白粳糯米(台粳糯1號粳米),357.685,8.2,1.1,76.8
71,野生紅米,359.713,7.693,2.5955,74.7352
72,紅糯米,361.6964,9.92,2.8463,72.5936
73,黑秈糯米,357.4076,10.1235,3.465,70.1026
74,胚芽秈米(台中秈10號),363.0183,8.272,2.0718,76.0519
75,胚芽粳米平均值,361.7421,8.1985,1.5692,76.833
76,胚芽粳米(台粳10號）,360.3746,7.28,1.6679,77.1722
77,胚芽粳米(台粳9號),363.1096,9.117,1.4705,76.4937
78,發芽粳米平均值,354.9414,7.798,2.3453,73.9857
79,發芽粳米(台粳71號),356.7383,7.406,2.8031,73.8638
80,發芽粳米(台粳9號）,353.1446,8.19,1.8875,74.1076
81,糙秈米,358.7368,7.285,3.2064,73.6444
82,糙粳米平均值,362.3287,8.1955,2.4748,75.1385
83,糙粳米(台粳71號),360.3815,8.955,2.6203,73.6494
84,糙粳米(台粳9號),364.2759,7.436,2.3292,76.6276
85,加鈣米,355.0521,7.37,0.74,77.68
86,高纖米,362.7227,8.276,2.47,75.1674
87,五穀米,358.2847,8.695,2.8521,72.9163
88,米胚芽,390.9448,17.024,12.723,52.8858
89,秈米粉,363.2489,4.157,0.4215,83.3658
90,糙米粉,392.739,11.3,3.2,78.1
91,白糯米粉,359.895,4.505,0.3825,82.3007
92,米粉平均值,366.2824,2.0527,0.8033,85.3234
93,埔里米粉,357.72,0.534,0.52,87.726
94,細米粉,355.2832,0.374,0.57,87.1643
95,濁水米粉,357.2,5.25,1.32,81.08
96,米粄條,129.4501,1.05,0.9465,29.1829
97,米苔目,121.21,0.555,0.05,29.635
98,粿仔條,193.2956,0.511,1.24,45.0229
99,免煮飯,168.1211,3.23,0.34,37.05
100,白飯,183.1356,3.09,0.25,41.01
101,米漿(散裝),61.7,0.6,0.5,13.7
102,保久米漿,62.3877,1.026,1.4569,11.2929
103,糙米漿,71.148,1.2805,2.1848,11.5907
104,糙秈米漿,68.1714,0.855,2.1378,11.3778
105,糯米漿,50.8888,0.76,0.77,10.2297
106,黑糯米漿,50.0716,0.399,0.24,11.5789
107,高梁,371.8047,11.0165,3.0448,73.6032
108,糯高梁,362.3257,10.69,1.04,75.6852
109,黑麥片,359.2458,7.784,1.234,77.3014
110,黑麥汁,51.9318,0.322,0.0078,12.6434
111,燕麥,406.0363,10.9165,10.215,67.4401
112,燕麥片,393.374,12.3,9.7,64.1
113,即食燕麥片,406.2506,11.909,9.5684,67.8638
114,燕麥奶,43.892,1.029,0.836,8.063
115,蕎麥(甜蕎),360.8428,11.037,2.8733,71.2715
116,蕎麥麵(乾),354.9491,12.6925,1.7098,70.6336
117,蕎麥麵(濕),155.0755,6.281,1.5162,28.5986
118,薏仁,378.4899,14.0733,6.05,66.2196
119,糙薏仁,386.8506,13.702,7.3707,65.9182
120,薏仁粉,394.795,10.89,3.475,79.99
121,紅藜,378.927,12.134,6.7366,66.7713
122,淮山,362.8352,5.294,0.34,82.3519
123,山藥平均值,85.3829,2.8187,0.1107,17.8241
124,山藥(二刺),89.1922,2.732,0.0872,18.8787
125,山藥(大汕1號),79.951,2.407,0.0749,16.9691
126,山藥(大汕3號),72.683,2.649,0.08,14.965
127,山藥(大刺),84.6262,3.523,0.0704,17.0539
128,山藥(中國長品),74.1359,2.452,0.0926,15.479
129,山藥(台農1號),93.3841,2.595,0.1302,19.9388
130,山藥(台農2號),94.8985,3.207,0.0594,19.8694
131,山藥(白皮削),75.0452,2.465,0.0883,15.6961
132,山藥(尖石原生種),64.6657,3.14,0.1494,12.4121
133,山藥(宜蘭原生種),140.1744,4.796,0.1859,29.0937
134,山藥(花蓮3號),93.3366,1.693,0.0892,20.8666
135,山藥(青森),93.6043,2.607,0.1832,19.8732
136,山藥(高田),71.0372,3.116,0.1381,14.0043
137,山藥(白肉),68.626,2.08,0.1207,14.4376
138,紅薯山藥,92.3211,2.821,0.0766,19.5752
139,木薯粉,361.6688,0.076,0.1924,87.3207
140,冰心地瓜,119.2089,1.283,0.1199,27.473
141,菱角牛奶地瓜,133.1638,1.86,0.3302,29.8853
142,芋心甘薯,122.3155,1.055,0.1138,28.4558
143,紅肉甘薯,113.7181,1.7783,0.248,25.41
144,金時地瓜,138.2959,1.639,0.3583,31.2836
145,黃肉甘薯,120.6673,1.278,0.1527,27.7651
146,甘薯粉,357.5595,1.0215,0.1509,85.5103
147,油炸脫水甘薯,524.9,2.27,30.1,61.23
148,芋頭,127.75,2.5,1.1,26.4
149,芋頭(2021年取樣),106.611,1.139,0.0,24.7955
150,小芋頭(山芋),112.9382,2.2897,1.2044,22.7924
151,檳榔心芋,121.0231,1.298,0.035,28.0716
152,冷凍芋頭塊,147.181,2.2,4.3,24.9
153,芋頭粉,333.1607,0.102,0.0475,83.0813
154,豆薯,31.4353,0.728,0.0616,6.8139
155,紅馬鈴薯(粉紅珍珠馬鈴薯),65.7781,1.64,0.0173,14.374
156,馬鈴薯,76.9397,2.5825,0.2161,15.7848
157,馬鈴薯(2022年取樣),70.3922,2.276,0.0,14.9255
158,小馬鈴薯(珍珠馬鈴薯),59.4809,1.748,0.0,12.7782
159,馬鈴薯粉,346.1938,0.09,0.07,83.8
160,荸薺,67.1952,1.703,0.0989,14.4924
161,荸薺粉,364.8579,0.384,0.2065,87.7738
162,蓮藕,65.1526,2.0293,0.1893,13.5033
163,熟蓮藕,50.2206,1.088,0.0542,11.0468
164,熟蓮藕切片(水煮),73.2139,0.772,0.048,16.9402
165,蓮藕粉,364.8407,0.12,0.05,88.3381
166,菱角(生),76.3995,1.9,0.33,16.07
167,菱角仁(生),118.0451,4.141,0.3171,24.0776
168,菱角(熟),146.2443,4.218,0.25,30.9853
169,西谷米,370.9893,0.1,0.1,89.7479
170,蒟蒻粉,351.3836,0.184,0.1888,87.2371
171,粉粿,65.0955,0.016,0.1171,15.5468
172,甘扁桃仁片(生),563.8544,27.257,47.8116,16.9753
173,甘扁桃仁片(熟),617.8689,23.443,56.8882,14.8323
174,甘扁桃仁(熟),587.8776,21.946,49.8409,23.2326
175,蒜味甘扁桃仁,603.2053,23.349,53.6446,17.9801
176,杏仁霜,529.7459,9.675,36.3659,47.1231
177,松子仁(生),677.7577,16.6155,69.5262,9.3778
178,原味松子仁,680.4281,14.462,68.9571,13.0403
179,蜜汁松子仁,697.07,14.89,62.39,19.0
180,原味夏威夷豆,699.8346,7.478,71.6416,18.2422
181,鹽酥夏威夷豆,720.343,9.4045,76.3138,12.0302
182,生核桃,667.4064,15.388,67.9249,11.1741
183,甜核桃,723.4015,14.448,67.4103,14.7292
184,栗子(生),263.8746,4.6115,1.44,57.941
185,栗子仁(生),176.4781,3.686,0.7452,38.6856
186,糖炒栗子,209.5805,4.15,0.81,46.29
187,開心果,600.755,22.381,52.7376,20.0686
188,腰果(生),568.1358,18.3335,45.5279,30.3317
189,原味腰果,566.0303,16.376,43.7356,35.1692
190,蜜汁腰果,599.62,17.59,43.58,34.26
191,原味榛果,671.6361,12.997,66.4911,17.2005
192,山粉圓,399.6244,16.333,12.75,58.0421
193,玉桂西瓜子,492.4032,31.05,34.4,23.767
194,醬油西瓜子,509.2216,29.537,37.6654,22.4739
195,亞麻仁籽,524.2401,20.83,40.328,28.1117
196,亞麻仁籽粉,557.0958,21.7325,43.6424,28.5988
197,咖啡豆(曼特寧),437.4317,13.86,14.87,65.08
198,奇亞子,483.3174,21.6785,31.8405,34.7882
199,白芝麻(生),598.038,22.2645,54.9223,15.0075
200,黑芝麻(生),550.9268,22.1585,48.0768,17.6005
201,白芝麻(熟),625.6099,20.2885,58.6937,15.7107
202,白芝麻(熟)2022年取樣),600.6946,21.734,52.4471,21.2028
203,黑芝麻(熟),599.4997,17.26,54.4333,20.639
204,黑芝麻(熟)(2022年取樣),591.1492,20.689,51.7701,21.1407
205,黑芝麻粉,601.276,15.719,55.2097,20.7926
206,帶殼花生(生鮮),330.7629,15.289,27.2359,12.2225
207,冷凍帶殼花生(熟),343.5417,17.153,27.444,13.3451
208,生鮮花生仁,505.8875,28.785,38.5,20.5795
209,去膜花生仁(生),557.6365,28.8335,45.3639,19.1372
210,帶膜花生仁(生),516.4973,23.6283,38.1004,28.4046
211,紅土帶殼花生(熟),555.0467,31.246,43.8941,19.4667
212,鹽酥帶殼花生(熟),531.1786,28.246,38.0657,28.1462
213,花生粉,515.7649,28.536,33.7658,32.9546
214,醃漬花生仁,288.0,10.6,26.0,2.9
215,糖漬花生仁,381.5582,14.22,23.271,28.8098
216,油炸花生仁,623.4149,28.886,48.4481,17.9595
217,蛋酥花生仁,606.24,21.14,43.84,31.78
218,鹽酥花生仁,556.5132,28.824,35.8688,29.5995
219,芡實,342.5929,9.944,0.14,75.4092
220,調味南瓜子(去殼),561.4969,30.403,47.8992,13.5337
221,調味南瓜子(帶殼),564.3958,25.899,47.2299,19.4624
222,愛玉子,406.7013,12.22,12.53,63.74
223,原味葵瓜子(去殼),586.3687,21.981,51.8727,18.6536
224,甘草葵瓜子(帶殼),526.5027,26.78,39.28,25.75
225,鹽酥葵瓜子(帶殼),575.004,25.9435,49.2952,17.7836
226,銀杏果,142.0686,4.084,1.2345,28.8856
227,生蓮子,140.9132,9.277,0.5456,25.591
228,蓮子,333.8598,21.7775,1.2331,60.9265
229,糖漬蓮子,229.8874,5.722,0.147,51.4191
230,山竹,69.4004,0.5535,0.287,18.094
231,木瓜平均值,38.1568,0.559,0.0736,9.9063
232,木瓜(2月取樣),31.152,0.693,0.1189,7.7301
233,木瓜(5月取樣),43.8347,0.675,0.104,11.3045
234,木瓜(8月取樣),33.4413,0.457,0.021,8.8139
235,木瓜(11月取樣),44.199,0.411,0.0505,11.7765
236,青木瓜,28.5757,0.6203,0.0691,7.1981
237,安石榴,67.2198,1.7,0.14,16.76
238,百香果,63.6803,2.2,1.9137,11.1863
239,百香果汁,72.9366,0.871,0.3592,18.6121
240,金黃奇異果,58.9366,0.8385,0.2661,14.97
241,奇異果,56.2826,1.1497,0.2582,13.9607
242,紅毛丹,73.2833,1.0315,0.657,17.8662
243,紅龍果(白肉),51.4985,0.9307,0.4393,12.4151
244,紅龍果(紅肉),50.05,1.119,0.2498,12.2776
245,北蕉平均值,84.9833,1.451,0.0722,22.0845
246,北蕉(2月取樣),93.2203,1.324,0.0111,24.633
247,北蕉(5月取樣),91.7847,1.557,0.1666,23.6552
248,北蕉(9月取樣),64.6971,1.33,0.039,16.6394
249,北蕉(11月取樣),90.231,1.593,0.0719,23.4102
250,"北蕉(0天,綠皮)",90.4728,1.303,0.2554,23.3214
251,北蕉(1天),87.1529,1.432,0.2886,22.2016
252,北蕉(3天),83.6957,1.361,0.2992,21.2829
253,北蕉(7天),67.8757,1.287,0.2485,17.0754
254,李林蕉(2007年取樣),102.1755,1.418,0.3465,26.253
255,南華蕉,124.085,1.142,0.1,33.1697
256,紅皮蕉(2004年取樣),97.7854,1.281,0.2216,25.4518
257,李林蕉(2012年取樣),110.6234,1.474,0.087,29.1507
258,紅皮蕉(2012年取樣),92.9853,1.287,0.2912,23.951
259,酪梨(綠皮),64.9787,1.6293,3.6922,7.9446
260,酪梨(室溫存放0天),80.0423,1.455,5.9116,7.1315
261,酪梨(室溫存放3天),84.4824,1.365,6.8229,6.3301
262,酪梨(室溫存放6天),92.2151,1.517,7.5884,6.5564
263,榴槤,131.7274,2.7187,1.8612,29.7262
264,突目1號鳳梨,56.1664,0.624,0.2061,14.5402
265,鳳梨平均值(雜交種),52.6628,0.7379,0.1454,13.6018
266,甘蔗鳳梨,57.4048,0.693,0.0732,15.1288
267,甜蜜蜜鳳梨,42.3321,0.978,0.093,10.6299
268,金鑽鳳梨,50.4379,0.501,0.1262,13.2495
269,牛奶鳳梨,60.4765,0.7795,0.2892,15.3991
270,釋迦,104.1989,2.2,0.144,26.556
271,鳳梨釋迦,102.1751,1.5105,0.415,26.0073
272,桑葚,31.9989,1.137,0.3676,6.9727
273,桑葚汁,25.1552,0.815,0.155,5.8665
274,草莓,38.6848,0.963,0.2439,9.2799
275,土芭樂,39.1794,0.74,0.1,9.96
276,芭樂平均值(白肉),38.3606,0.6791,0.1139,9.7571
277,牛乳芭樂,33.3288,0.532,0.1227,8.4762
278,世紀芭樂,39.7046,0.662,0.068,10.2531
279,珍珠芭樂,41.9639,0.7225,0.1649,10.5989
280,泰國芭樂,38.445,0.8,0.1,9.7
281,無子芭樂,33.4051,0.74,0.0016,8.5848
282,紅心芭樂,42.0341,0.757,0.1089,10.7164
283,楊桃平均值,32.0281,0.5262,0.0706,8.2414
284,楊桃(2月取樣),29.3672,0.438,0.0734,7.5781
285,楊桃(4月取樣),32.095,0.651,0.0722,8.1398
286,楊桃(5月取樣),34.4451,0.636,0.127,8.6792
287,楊桃(9月取樣),33.4224,0.468,0.036,8.7635
288,楊桃(11月取樣),30.8111,0.438,0.0444,8.0466
289,美國紅葡萄,68.6178,0.443,0.4035,17.7089
290,巨峰葡萄,63.5451,0.52,0.2633,16.5539
291,綠葡萄平均值,57.9343,0.5188,0.1533,15.2524
292,美國綠葡萄,63.9579,0.5385,0.1935,16.8136
293,意大利葡萄,51.9108,0.499,0.113,13.6912
294,美國紅葡萄(含皮),61.3069,0.4385,0.145,16.2833
295,美國紫葡萄(含皮),80.4128,0.444,0.0,21.9225
296,美國黑葡萄(含皮),62.6744,0.592,0.177,16.4455
297,美國綠葡萄(含皮),86.9466,0.581,0.395,22.6912
298,無子紅葡萄(含皮),71.6646,0.46,0.108,19.2264
299,黑美人葡萄(含皮),65.5083,0.5135,0.1409,17.3899
300,金香葡萄(含皮),60.1749,0.63,0.062,15.9831
301,蓮霧平均值(粉紅色種),35.3118,0.4105,0.1725,9.0246
302,紅寶石蓮霧,32.9007,0.339,0.3295,8.0566
303,黑金剛蓮霧,33.8464,0.473,0.0613,8.8178
304,黑珍珠蓮霧,39.1882,0.4195,0.1267,10.1995
305,華寶大西瓜(花蓮),33.1023,0.654,0.059,8.4475
306,西瓜平均值(紅肉小瓜),32.5907,0.7784,0.1213,8.0445
307,皇宮西瓜,32.3959,0.69,0.1134,8.0912
308,紅鈴西瓜,34.0299,0.8387,0.0688,8.51
309,黑美人西瓜,36.465,0.912,0.0839,9.0829
310,鳳光西瓜,27.4719,0.673,0.2189,6.494
311,無子西瓜,32.8436,0.875,0.0451,8.2017
312,西瓜平均值(黃肉小瓜),29.0044,0.679,0.038,7.3347
313,小玉西瓜,34.368,0.791,0.06,8.6689
314,金蘭西瓜,23.6408,0.567,0.016,6.0005
315,嘉寶瓜,40.2228,0.78,0.2,9.98
316,甜瓜平均值(光皮洋香瓜),29.5857,0.8727,0.0922,7.1894
317,太陽洋香瓜,32.3771,1.163,0.0347,7.8275
318,狀元瓜,27.3527,0.7327,0.1161,6.6442
319,蜜世界洋香瓜,29.0271,0.7225,0.1257,7.0965
320,甜瓜平均值(東洋系脆瓜),36.7097,0.9829,0.1572,8.9142
321,美濃瓜,36.8136,1.0678,0.187,8.7946
322,黃香瓜,30.4992,0.6,0.16,7.54
323,嘉玉甜瓜,42.8162,1.281,0.1246,10.4081
324,新世紀哈密瓜,38.9086,0.674,0.043,10.0789
325,新疆哈蜜瓜,27.7775,0.7,0.085,6.865
326,甜瓜平均值(網紋洋香瓜),36.9446,0.9182,0.039,9.3148
327,七股香洋香瓜,40.2804,0.588,0.0711,10.4749
328,天香洋香瓜,44.4526,0.811,0.0062,11.5766
329,秋香洋香瓜,34.0753,1.04,0.0443,8.3917
330,紅寶石洋香瓜,38.8355,1.232,0.0279,9.5729
331,香華洋香瓜,30.4513,0.743,0.0413,7.6692
332,藍寶石洋香瓜,33.5724,1.095,0.043,8.2037
333,土芒果,54.3278,0.6487,0.2846,13.8239
334,芒果平均值(西洋種),50.3479,0.5779,0.213,12.9509
335,肯特芒果,49.3645,0.538,0.2355,12.6627
336,海頓芒果,59.9496,0.38,0.24,15.74
337,凱特芒果,50.1086,1.145,0.1603,12.4777
338,愛文芒果,42.3591,0.3567,0.1837,11.0064
339,聖心芒果,49.9574,0.47,0.2455,12.8676
340,黑香芒果,65.9523,0.813,0.2969,16.871
341,芒果平均值(新興種),55.8473,0.5786,0.239,14.4176
342,四季芒果,60.0964,0.577,0.2182,15.6476
343,玉文芒果,61.9019,0.519,0.275,16.0712
344,金煌芒果,51.637,0.8265,0.2425,13.0084
345,金蜜芒果,63.8271,0.583,0.3804,16.3012
346,金興芒果,40.9565,0.552,0.1111,10.6033
347,香水芒果,65.2215,0.5715,0.2138,17.0866
348,蓮花芒果,47.2908,0.421,0.2317,12.2047
349,荔枝平均值,64.9699,1.0357,0.236,16.5319
350,玉荷苞荔枝,68.2581,1.168,0.2426,17.3064
351,黑葉仔荔枝,61.6818,0.9033,0.2294,15.7574
352,冷凍荔枝,28.1127,0.4,0.11,7.18
353,龍眼,71.8698,1.1275,0.3794,18.0294
354,龍眼乾,276.0909,5.065,0.4547,70.9074
355,帶殼龍眼乾,278.4911,4.604,0.071,72.8965
356,李子平均值(青皮黃肉),47.5354,0.667,0.3753,11.7093
357,加州青李,47.176,0.649,0.22,11.9872
358,翡翠李,47.8949,0.685,0.5305,11.4314
359,李子平均值(紅皮紅肉),39.4575,0.6053,0.3384,9.6089
360,紅肉李(大),40.5805,0.5315,0.3323,10.0037
361,紅肉李(小),38.3345,0.679,0.3444,9.214
362,李子平均值(紅皮黃肉),47.6233,0.7072,0.2937,11.8859
363,加州紅李(台灣),44.6365,0.348,0.6404,10.5853
364,加州紅李(進口),60.0724,0.818,0.2653,15.3065
365,加州蜜李(進口),66.2079,1.254,0.0513,17.1014
366,香水李,36.1779,0.709,0.271,8.7576
367,桃接李(大),37.5626,0.5845,0.2828,9.231
368,桃接李(小),35.8162,0.66,0.3158,8.5987
369,蜜棗李(進口),52.89,0.577,0.229,13.6207
370,黃肉李,35.4499,0.436,0.222,8.9241
371,黑李,56.8927,0.7435,0.1591,14.7397
372,枇杷,37.9522,0.327,0.1907,9.7937
373,筆柿,69.216,0.574,0.149,18.3445
374,甜柿平均值,57.1428,0.4813,0.1004,15.1904
375,富有甜柿(大雪山),56.7934,0.391,0.1243,15.122
376,甜柿(進口),57.4922,0.5715,0.0765,15.2588
377,國產甜柿,47.4084,0.374,0.0558,12.6902
378,牛心柿,62.3047,0.4805,0.1615,16.4829
379,四周柿,65.6456,0.474,0.099,17.5623
380,柿餅,195.6143,1.7097,0.2172,52.2366
381,水蜜桃平均值,39.4356,0.9065,0.1633,9.7287
382,水蜜桃,39.7262,0.906,0.1389,9.8665
383,甜蜜桃,39.145,0.907,0.1876,9.5909
384,脆桃平均值,44.3199,0.9194,0.1426,11.1215
385,白油桃,36.7819,0.635,0.125,9.3339
386,玫瑰桃,50.949,1.2,0.1,12.8
387,福壽桃,47.2326,0.888,0.1682,11.9003
388,鶯哥桃,42.316,0.9545,0.1772,10.4516
389,蟠桃,45.2668,0.854,0.2189,11.2681
390,胭脂梅,34.6328,0.514,0.1458,8.8015
391,西洋梨平均值,52.7872,0.2543,0.1587,14.0568
392,西洋梨(青皮),61.8717,0.2755,0.1915,16.4842
393,西洋梨(紅皮),52.8339,0.2815,0.2106,13.9237
394,西洋梨(黃皮),43.6562,0.206,0.074,11.7624
395,幸水梨,34.1309,0.403,0.039,9.014
396,大雪梨,41.9846,0.3367,0.1109,11.0903
397,新世紀梨,41.5951,0.368,0.2115,10.719
398,新興梨,44.063,0.24,0.057,11.8832
399,橫山梨,46.5972,0.4055,0.0825,12.3734
400,豐水梨,36.129,0.5257,0.0673,9.3887
401,將軍蜜梨,49.8356,0.366,0.081,13.3133
402,梨山蜜梨,47.0467,0.289,0.0455,12.693
403,印度棗平均值(大),43.2663,1.0548,0.1465,10.6935
404,印度棗(長形),42.8209,1.1605,0.17,10.4163
405,蜜棗(圓形),43.7118,0.949,0.1229,10.9707
406,珍珠蜜棗,45.8929,1.112,0.0125,11.6811
407,台灣土棗,87.3003,0.908,0.1305,23.0992
408,紅棗,227.4004,3.173,0.3,59.5078
409,黑棗,230.0813,2.71,0.19,60.9404
410,蘋果平均值(青皮),49.1257,0.3216,0.1609,12.9719
411,青龍蘋果,52.1426,0.3125,0.1735,13.789
412,翠玉青蘋果,46.1089,0.3307,0.1482,12.1548
413,翠玉青蘋果(帶皮),53.7499,0.371,0.2285,14.053
414,美國五爪蘋果,50.6902,0.1545,0.068,13.7783
415,蘋果平均值(混色),51.3994,0.2123,0.095,13.8587
416,加拉蘋果,55.0358,0.193,0.063,14.9611
417,津經蜜蘋果,56.3442,0.198,0.1679,15.076
418,秋香蘋果,45.3376,0.265,0.0217,12.296
419,富士蘋果,48.8801,0.193,0.1273,13.1017
420,富士蘋果(帶皮),44.9081,0.226,0.1469,11.922
421,金冠蘋果,48.7552,0.36,0.1025,12.9688
422,櫻桃,74.9321,1.2155,0.2603,19.0748
423,白櫻桃,69.3936,0.702,0.0975,18.3941
424,椪柑,40.1505,0.804,0.1548,10.0426
425,紅柑,41.8001,0.845,0.1119,10.5623
426,茂谷柑,44.3919,0.595,0.1223,11.4914
427,海梨桶柑,43.8265,0.8645,0.15,11.0184
428,高牆桶柑,45.1465,0.771,0.0,11.8211
429,檸檬柑,48.2649,1.108,0.0809,12.1847
430,長果金柑,55.5443,0.96,0.1947,14.0803
431,圓果金柑,31.5768,0.7,0.24,7.56
432,圓果金柑汁(綠皮),32.3401,0.891,0.0725,7.9832
433,文旦,33.5792,0.69,0.1211,8.402
434,白柚,37.4132,0.5755,0.1013,9.6199
435,西施蜜柚,40.3168,0.803,0.154,10.0916
436,甜橙平均值(普遍系),45.5985,0.7908,0.2496,11.3479
437,柳橙,43.5126,0.799,0.1311,11.0363
438,香吉士(進口),47.2362,0.6845,0.48,11.3663
439,澳洲甜橙(進口),46.0467,0.889,0.1376,11.6411
440,青皮葡萄柚,33.1124,0.751,0.0851,8.2991
441,紅寶石葡萄柚(古坑),36.8728,0.702,0.2838,8.9274
442,黃皮葡萄柚(進口),37.8268,0.717,0.078,9.6569
443,黃皮葡萄柚,37.2039,0.668,0.2217,9.1955
444,檸檬,33.3043,0.708,0.5335,7.35
445,萊姆,37.6843,0.521,0.9926,7.6738
446,檸檬汁平均值,30.6394,0.45,0.4495,7.0459
447,檸檬汁(黃皮),29.8739,0.478,0.2978,7.1598
448,檸檬汁(綠皮),31.4048,0.422,0.6012,6.9319
449,萊姆汁,34.1966,0.3125,0.4963,8.0535
450,紅甘蔗汁,63.4074,0.5325,0.5414,15.8574
451,人心果,82.512,0.6,0.8,20.5
452,可可椰子汁平均值,18.1673,0.124,0.0215,4.8808
453,可可椰子汁(屏東),17.4759,0.068,0.0186,4.7477
454,可可椰子汁(進口),18.8587,0.18,0.0244,5.0138
455,香瓜茄,24.4192,0.44,0.0657,6.2197
456,蛋黃果,105.6234,1.405,0.3206,27.2831
457,無花果,66.9899,1.16,0.4204,16.5482
458,黃金果,44.4768,0.927,0.227,10.9617
459,菠蘿蜜,107.7522,1.016,0.2449,28.4135
460,牛蒡,84.456,2.5407,0.3733,19.1474
461,胡蘿蔔平均值,38.547,1.1223,0.1263,8.8588
462,胡蘿蔔,37.2239,1.005,0.1761,8.4915
463,向陽二號胡蘿蔔,44.2969,0.627,0.1448,10.6262
464,澳洲胡蘿蔔(細長型),34.1201,1.735,0.058,7.4587
465,黃胡蘿蔔,41.802,1.073,0.2553,9.4497
466,冷凍胡蘿蔔,13.3556,0.47,0.06,2.98
467,根菾菜根,34.4678,1.324,0.0838,7.7686
468,白蘿蔔平均值,17.5798,0.5485,0.1277,3.8652
469,白蘿蔔,16.0011,0.695,0.146,3.3226
470,白蘿蔔(長形),19.1585,0.402,0.1093,4.4078
471,櫻桃蘿蔔,10.7028,0.595,0.0,2.3446
472,青蘿蔔,32.66,1.809,0.0868,6.9728
473,蘿蔔乾,57.8833,2.2,1.19,10.81
474,百合鱗片,136.6158,3.793,0.0627,32.347
475,乾百合鱗片,303.9155,11.838,0.7399,68.3864
476,芋莖,19.7972,1.1,0.46,3.35
477,金針菜嫩莖,23.9964,0.7207,0.1523,5.3419
478,草石蠶,74.8778,1.725,0.0,18.0406
479,球莖甘藍,19.943,1.5563,0.2257,3.5837
480,孟宗竹筍,40.0978,3.958,0.15,7.3006
481,熟桂竹筍,20.846,2.1323,0.1974,3.489
482,桂竹筍片,17.2214,1.011,0.218,3.2687
483,烏殼綠竹筍,21.4256,1.8233,0.2228,3.7907
484,茭白筍,20.459,1.332,0.1565,4.0152
485,麻竹筍,21.1126,2.1193,0.1564,3.6541
486,冷凍麻竹筍,17.2648,0.85,0.04,3.77
487,麻竹筍干,176.575,15.818,1.213,32.0459
488,綠竹筍,24.9617,1.7175,0.2348,4.7427
489,帶殼熟綠竹筍,25.2944,2.01,0.0899,4.9425
490,沙拉筍塊,23.7743,1.5635,0.098,4.8353
491,熟箭竹筍,19.7042,2.0968,0.3253,2.9456
492,白蘆筍,25.2835,1.8453,0.1565,4.9074
493,綠蘆筍平均值,21.8875,2.6543,0.1684,3.4677
494,綠蘆筍,22.2906,1.348,0.1639,4.4582
495,澳洲綠蘆筍(粗短型),20.4908,2.54,0.1929,3.1337
496,綠蘆筍(細短型),22.9636,3.26,0.2125,3.242
497,綠蘆筍(短型),21.8049,3.469,0.1043,3.0367
498,蘆筍花,20.6429,2.913,0.3053,2.6809
499,嫩莖萵苣,16.2946,1.0,0.18,3.12
500,嫩薑,21.2034,0.0,0.32,4.75
501,粉薑,28.3892,0.98,0.2629,6.0567
502,老薑,52.5956,1.143,0.4836,11.6803
503,檳榔嫩莖,31.3181,2.232,0.4183,5.6331
504,大蒜,122.4864,6.6885,0.2269,26.4265
505,青蒜,32.7941,2.1337,0.254,6.4302
506,蒜苗,53.5059,2.229,0.083,12.0439
507,薤,10.164,0.54,0.16,1.9
508,青蔥平均值,28.417,1.3627,0.1897,5.9639
509,青蔥,22.4961,1.5487,0.2512,4.1887
510,山東大蔥,30.6474,1.304,0.1196,6.7256
511,日本甜蔥,33.2834,1.014,0.1382,7.5564
512,宜蘭粉蔥,27.2412,1.584,0.2497,5.3849
513,白洋蔥,41.9293,1.0005,0.058,9.9545
514,紫洋蔥,31.5642,0.8748,0.1088,7.2722
515,黃洋蔥,41.5585,0.9663,0.24,9.4918
516,紅蔥頭,74.9788,3.437,0.2625,16.353
517,韮菜花,24.4741,1.7763,0.2039,4.6445
518,韮菜,23.0272,1.8953,0.3507,3.8785
519,韮菜黃,16.2344,1.478,0.1215,2.909
520,九層塔,27.3979,2.904,0.2916,4.4484
521,小麥苗,34.0464,3.326,0.4841,5.4565
522,水菜(日本種),10.9221,1.164,0.201,1.5872
523,甘藍平均值,23.1788,1.308,0.1439,4.7557
524,梨山甘藍(尖球形),24.058,1.402,0.0614,5.0951
525,甘藍(扁圓形),21.0373,1.09,0.1754,4.2855
526,甘藍(圓球形),24.4409,1.432,0.1949,4.8866
527,甘藍(圓球形)(2021年取樣),20.2123,0.842,0.0,4.617
528,紫色甘藍,28.4625,1.484,0.1836,5.9071
529,甘藍芽,33.0137,2.6525,0.5995,5.3965
530,冷凍甘藍,20.4849,1.286,0.1,4.174
531,脫水甘藍,340.7258,6.856,0.06,82.631
532,甘藍乾,179.8448,7.22,1.12,38.86
533,酸甘藍菜,21.8839,1.449,0.1999,4.2088
534,甘藷葉,27.8434,3.1552,0.2784,4.4222
535,蚵仔白菜,12.5776,1.6,0.48,1.12
536,蚵仔白菜(2022年取樣),13.0932,1.399,0.3098,1.7525
537,荷葉白菜,14.4486,1.436,0.1004,2.5246
538,葵扇白菜,13.8586,1.552,0.073,2.3542
539,黑葉白菜(短梗),15.1397,1.343,0.0386,2.8969
540,千寶菜,20.1997,1.714,0.1968,3.6056
541,土植小白菜(1月取樣),10.4144,1.15,0.184,1.5029
542,土植小白菜(3月取樣),12.1752,1.55,0.0982,1.8698
543,土植小白菜(4月取樣),13.1398,1.05,0.199,2.2367
544,土植小白菜(7月取樣),10.4789,0.96,0.11,1.8059
545,土植小白菜(10月取樣),11.4178,1.065,0.24,1.6971
546,水植小白菜(1月取樣),12.7756,1.452,0.107,2.0707
547,水植小白菜(4月取樣),13.351,0.979,0.172,2.3965
548,水植小白菜(7月取樣),12.2164,0.902,0.077,2.3612
549,水植小白菜(10月取樣),11.9979,1.091,0.27,1.764
550,有機小白菜(1月取樣),9.2122,1.842,0.17,0.7598
551,有機小白菜(4月取樣),14.4059,1.254,0.195,2.4329
552,有機小白菜(7月取樣),10.9009,1.258,0.097,1.7418
553,有機小白菜(10月取樣),12.9507,1.347,0.24,1.9007
554,珍珠小白菜,11.1145,1.497,0.0718,1.6901
555,油菜心,30.9035,3.2,0.85,3.95
556,油菜,12.0508,1.419,0.2325,1.6377
557,土植青江菜(1月取樣),10.1525,1.307,0.049,1.62
558,土植青江菜(3月取樣),11.0584,0.353,0.1542,2.2674
559,土植青江菜(4月取樣),10.7355,0.96,0.125,1.8395
560,土植青江菜(7月取樣),14.8163,1.507,0.118,2.5334
561,土植青江菜(10月取樣),11.8552,1.425,0.21,1.6318
562,水植青江菜(1月取樣),12.4853,1.243,0.007,2.3513
563,水植青江菜(4月取樣),14.3465,1.397,0.16,2.3967
564,水植青江菜(7月取樣),13.9288,1.651,0.129,2.1855
565,水植青江菜(10月取樣),10.943,1.371,0.22,1.4127
566,有機青江菜(1月取樣),9.8742,1.531,0.003,1.4969
567,有機青江菜(4月取樣),14.8681,1.382,0.176,2.5062
568,有機青江菜(7月取樣),20.6762,1.944,0.243,3.4741
569,有機青江菜(10月取樣),9.4201,1.274,0.22,1.0874
570,塔菇菜,10.6053,2.738,0.1938,0.464
571,廣島野菜,7.7442,2.009,0.1413,0.3328
572,結球白菜平均值,16.7791,1.1926,0.2916,2.8753
573,煙台白菜,14.2885,1.296,0.255,2.2458
574,迷你竹筍白菜,18.9427,1.256,0.0891,3.8221
575,翠玉白菜,19.4448,1.0345,0.68,2.8315
576,包心白菜,14.4402,1.1837,0.1424,2.6018
577,白菜芽,54.1636,2.5663,0.3297,11.4565
578,白鳳菜,27.308,2.0,0.4,4.8
579,紅鳳菜,22.4936,2.115,0.3801,3.531
580,豆瓣菜,20.5147,2.17,0.29,3.18
581,明日葉,56.7617,1.434,0.7918,11.8916
582,山芹菜,27.349,2.8,2.2,0.41
583,芹菜平均值,15.3823,0.7933,0.1288,3.135
584,芹菜(青梗),12.3242,0.779,0.098,2.4264
585,芹菜(黃梗),18.4403,0.8075,0.1595,3.8435
586,西洋芹菜,11.1594,0.3783,0.1761,2.2293
587,大心芥菜,12.5392,0.9815,0.0329,2.4852
588,大芥菜,19.1256,0.75,0.48,3.37
589,包心芥菜,17.1009,1.0105,0.4742,2.6883
590,芥菜平均值,19.0774,1.5375,0.1595,3.5165
591,芥菜,17.7386,1.6025,0.1273,3.1986
592,雪裡蕻,20.4162,1.4725,0.1917,3.8343
593,抱子芥菜,20.8736,2.103,0.0542,3.8231
594,梅乾菜,105.2532,5.4865,1.1481,20.8382
595,榨菜,24.5084,1.287,0.3592,4.6487
596,酸菜,17.3159,0.8425,0.3202,3.1868
597,芥藍菜,19.9143,1.738,0.3473,3.1933
598,芥藍芽,26.223,2.223,0.3294,4.5235
599,芫荽,25.9745,2.2565,0.293,4.5154
600,紅梗珍珠菜,37.2118,2.6,1.025,5.595
601,食茱萸,126.509,11.9,0.3,23.8
602,香樁,99.3469,4.3,1.47,19.43
603,茴香,23.8996,2.198,0.2436,4.1287
604,馬齒莧,13.824,1.2,0.4,1.88
605,茼蒿,15.7387,1.741,0.3063,2.2086
606,日本茼蒿,15.1407,2.551,0.1847,1.7721
607,昭和草,26.365,2.2,0.7,3.78
608,隼人瓜苗,23.7434,3.28,0.1633,3.5341
609,白莧菜,17.4757,1.892,0.3045,2.5564
610,紅莧菜,21.8817,2.6233,0.2543,3.3026
611,野莧菜,40.638,6.3,0.6,4.9
612,紫蘇,70.5075,5.526,1.1632,11.8701
613,菠菜,17.8904,2.1873,0.3151,2.4416
614,菠菜(葉),23.6999,3.907,0.4263,2.5373
615,冷凍菠菜,17.2126,2.14,0.04,2.89
616,菾菜,20.7438,2.004,0.1392,3.6739
617,黃金菾菜,18.3533,2.43,0.2012,2.6417
618,落葵,33.1824,2.672,0.3166,6.0338
619,藤三七,21.2508,1.635,0.5346,3.2032
620,不結球萵苣平均值,16.1684,1.1184,0.2595,2.8375
621,奶油萵苣(日本種),15.6951,1.093,0.3087,2.6276
622,紅葉萵苣(荷蘭種）,15.658,1.364,0.2898,2.4766
623,廣東萵苣,19.8449,1.023,0.2065,3.958
624,蘿美萵苣,13.4757,0.9937,0.2329,2.2879
625,土植本島萵苣(1月取樣),16.7144,1.563,0.354,2.476
626,土植本島萵苣(3月取樣),17.7524,0.337,0.2505,3.7879
627,土植本島萵苣(4月取樣),16.7502,0.874,0.203,3.2721
628,土植本島萵苣(7月取樣),23.4994,1.364,0.348,4.3623
629,土植本島萵苣(10月取樣),13.8764,1.142,0.27,2.2114
630,水植本島萵苣(1月取樣),13.7989,1.561,0.165,2.1354
631,水植本島萵苣(4月取樣),14.8005,0.97,0.229,2.6519
632,水植本島萵苣(7月取樣),12.602,1.442,0.168,1.902
633,水植本島萵苣(10月取樣),11.5701,1.144,0.27,1.6187
634,有機本島萵苣(1月取樣),14.8851,1.798,0.026,2.553
635,有機本島萵苣(4月取樣),18.7474,1.063,0.286,3.4791
636,有機本島萵苣(7月取樣),17.1753,1.496,0.31,2.7336
637,有機本島萵苣(10月取樣),14.6738,1.266,0.28,2.3111
638,水植波士頓萵苣,7.5562,1.183,0.209,0.6942
639,結球萵苣,13.4552,0.653,0.1011,2.7944
640,豌豆苗,31.3063,3.7357,0.4984,4.448
641,龍葵,25.8164,3.8,0.32,3.38
642,土植蕹菜(1月取樣),21.5859,1.958,0.331,3.5091
643,土植蕹菜(4月取樣),19.9551,1.706,0.2122,3.5152
644,土植蕹菜(7月取樣),17.0068,1.917,0.136,2.781
645,土植蕹菜(10月取樣),17.4629,1.809,0.29,2.64
646,水植蕹菜(1月取樣),27.3093,2.704,0.298,4.5463
647,水植蕹菜(4月取樣),23.5584,2.2,0.127,4.2901
648,水植蕹菜(7月取樣),17.1858,1.919,0.185,2.7204
649,水植蕹菜(10月取樣),22.7065,2.185,0.26,3.7963
650,有機蕹菜(4月取樣),25.8152,1.937,0.308,4.657
651,有機蕹菜(10月取樣),19.3562,1.711,0.37,3.0196
652,水蕹菜,23.6005,2.61,0.4778,3.2726
653,蘿蔔葉,13.6798,1.714,0.1771,1.9761
654,花椰菜,23.1991,1.7823,0.131,4.47
655,冷凍花椰菜,21.2569,1.27,0.05,4.49
656,紫色花椰菜,40.0602,3.115,0.288,7.5611
657,青花菜(1999年取樣),28.4278,3.6947,0.1737,4.4343
658,青花菜(2021年取樣),37.9319,3.439,0.4072,6.5419
659,冷凍青花菜,25.2669,2.525,0.156,4.4476
660,青花菜筍,32.3202,3.03,0.5241,5.1269
661,花椰菜乾,290.7787,15.967,0.6137,62.515
662,金針菜,39.5529,2.3853,0.5367,7.3875
663,金針菜乾,307.1319,14.255,1.758,65.4024
664,洛神花乾,306.0205,9.0,0.5532,71.2334
665,絲瓜花,31.3149,3.9,0.27,4.83
666,冬瓜平均值,10.8078,0.3998,0.0711,2.3502
667,冬瓜,12.7817,0.4305,0.1235,2.7231
668,香芋冬瓜,8.8339,0.369,0.0186,1.9773
669,冬瓜(2022年取樣),20.7987,0.411,0.0,5.0569
670,醃漬冬瓜,23.6836,2.47,0.16,4.07
671,南瓜平均值,74.0847,1.8516,0.1983,17.3266
672,日本南瓜,85.8109,0.582,0.388,20.7791
673,台灣南瓜,48.9517,1.6655,0.1665,11.0755
674,栗子南瓜,85.5911,1.371,0.1636,20.6743
675,菊花南瓜,75.985,3.788,0.075,16.7776
676,胡瓜,13.8438,0.6553,0.0963,2.9028
677,花胡瓜,13.3679,0.9423,0.1877,2.3918
678,醃漬花胡瓜,82.6797,3.0,0.51,18.09
679,苦瓜(白皮),19.3817,0.8833,0.1188,4.1213
680,苦瓜(青皮),19.8198,0.884,0.1336,4.2014
681,珍珠苦瓜,18.627,0.741,0.0558,4.1586
682,野苦瓜,29.9788,1.687,0.5895,5.2884
683,隼人瓜,23.1948,0.737,0.1381,5.1559
684,白皮蛇瓜,18.7305,1.44,0.31,3.17
685,綠皮蛇瓜,31.879,1.9,0.6,5.61
686,絲瓜,18.6884,1.062,0.0982,3.8677
687,稜角絲瓜,20.3366,0.896,0.2195,4.1415
688,越瓜,18.1169,0.626,0.0685,4.0778
689,醃漬越瓜,16.0325,1.1,0.15,3.05
690,蒲瓜平均值,17.7862,0.4894,0.1246,3.9644
691,蒲瓜(長形),18.6325,0.504,0.1175,4.1868
692,蒲瓜(圓形),17.9223,0.619,0.063,4.0444
693,花蒲瓜(圓形),14.9133,0.3345,0.048,3.4962
694,葫蘆瓜,19.6769,0.5,0.27,4.13
695,黃櫛瓜,15.1319,1.45,0.1113,2.667
696,綠櫛瓜,13.0889,2.18,0.0467,1.7914
697,枸杞子,346.6949,12.295,1.3,77.8464
698,長茄子,25.3298,1.2165,0.1621,5.3297
699,圓茄子,20.6965,1.019,0.04,4.5364
700,大番茄平均值(紅色系),18.5684,0.7743,0.054,4.125
701,牛番茄,18.5931,0.7085,0.1156,4.0434
702,紅番茄,19.6986,0.885,0.0464,4.3568
703,桃太郎番茄,17.4134,0.7295,0.0,3.9749
704,黃番茄,23.3043,0.924,0.044,5.2603
705,大番茄平均值(綠色系),21.9613,0.7128,0.0667,5.0091
706,粉柿番茄,17.9897,0.771,0.0218,4.048
707,黑柿番茄,23.3283,0.42,0.0613,5.5679
708,綠番茄,24.5658,0.9475,0.117,5.4113
709,小番茄平均值(紅色系),32.6934,0.9208,0.1778,7.3827
710,聖女小番茄,33.8335,1.1085,0.4705,6.9208
711,試交二號小番茄,29.9358,0.736,0.002,7.1771
712,櫻桃小番茄,34.3111,0.918,0.061,8.0501
713,黃金小蕃茄,30.5688,0.813,0.2475,6.7608
714,小番茄平均值(橙色系),31.0774,1.1123,0.1709,6.8546
715,金女小番茄,29.9058,1.099,0.1434,6.6221
716,黃金聖女小番茄,30.8959,0.999,0.1321,6.9674
717,橙蕃茄,32.4305,1.239,0.2371,6.9743
718,甜椒平均值(青皮),29.405,1.0324,0.4472,5.8863
719,甜椒(青皮),23.34,0.7873,0.2711,4.8739
720,小甜椒(青皮),34.5107,1.442,0.5177,6.7691
721,高山甜椒(青皮),30.3643,0.868,0.5529,6.016
722,甜椒(紅皮),33.4918,0.834,0.45,7.0616
723,甜椒(黃皮),28.091,0.826,0.28,6.047
724,甜椒(橙皮),34.5559,0.9225,0.2686,7.6643
725,青辣椒平均值,32.9325,1.3443,0.2998,6.8978
726,角椒,22.1826,0.904,0.159,4.7393
727,長辣椒(青皮),48.9903,1.889,0.4433,10.3412
728,糯米椒,27.6246,1.24,0.297,5.6128
729,紅辣椒平均值,80.4199,3.5632,0.8618,16.3772
730,長辣椒(紅皮),48.387,2.3927,0.6905,9.3176
731,朝天椒(長果),90.0771,3.391,1.3488,17.9239
732,朝天椒(圓果),102.7955,4.906,0.546,21.8902
733,乾長辣椒(紅皮),382.0585,19.942,17.2091,47.6334
734,黃秋葵,35.613,2.0565,0.1259,7.4798
735,青花菜芽,24.7328,2.358,0.5511,3.5749
736,苜蓿芽,20.1213,3.215,0.2148,2.5385
737,紫高麗芽,32.0974,0.248,0.6712,6.623
738,黃豆芽,33.9819,5.3727,1.1922,2.5453
739,黑豆芽,68.8811,7.393,2.042,8.3128
740,葵花芽,26.4237,2.547,0.354,4.3045
741,綠豆芽,23.8073,2.3453,0.2147,4.0681
742,豌豆芽,24.7916,4.7823,0.2785,2.5464
743,蕎麥芽,20.0241,1.866,0.215,3.4194
744,蘿蔔芽,23.5706,2.14,0.3511,3.8526
745,山蘇菜,26.2878,2.967,0.1694,4.3837
746,火炭母草,12.0412,1.6,0.36,1.24
747,石蓮花,10.561,0.385,0.1219,2.1877
748,青葙,50.089,2.5,1.6,7.73
749,假人蔘,31.5362,1.64,2.22,2.22
750,野苦瓜嫩梢,76.5238,5.71,1.68,12.18
751,過溝菜蕨,27.3946,3.0975,0.8249,3.173
752,蔘鬚,330.1551,7.018,1.7639,76.1549
753,龍骨瓣莕菜,17.3803,1.093,0.2718,3.1389
754,薄荷,55.406,3.05,0.6,10.87
755,蕺菜,45.545,3.17,0.88,7.66
756,蘆薈,4.415,0.05,0.4,0.24
757,美國空心菜,21.7462,2.2,0.26,3.54
758,香芫荽,22.9932,2.4,0.16,3.94
759,荷蘭豆菜心,29.8365,3.9,0.55,3.85
760,厥子,22.7312,2.3,0.16,3.94
761,義大利茼蒿,14.8298,1.574,0.3989,1.889
762,龍延草,78.755,3.89,2.26,12.73
763,麵包果,61.3168,0.973,1.8194,11.1639
764,小麥草粉,314.3564,33.992,7.3994,41.8883
765,仙草,18.3461,0.312,0.1849,4.0977
766,紅毛苔,264.6622,39.932,1.9137,36.9289
767,紫菜,267.5053,28.05,0.8823,47.8537
768,熟紫菜,294.1501,18.073,0.417,62.3868
769,髮菜,302.2322,10.274,0.5133,69.4918
770,麒麟菜,41.1567,0.95,0.013,9.8869
771,乾麒麟菜,189.1532,1.197,0.4719,46.6839
772,礁膜,16.0285,0.2575,0.0929,3.7375
773,乾海茸芯,254.2605,8.425,0.213,59.078
774,海帶平均值,19.7793,0.8277,0.094,4.3138
775,海帶卷,14.0141,0.716,0.1674,2.7531
776,海帶茸,28.6693,1.052,0.047,6.5435
777,海帶梗,17.3797,0.849,0.086,3.7014
778,海帶結,16.7364,0.7795,0.0897,3.5752
779,海帶絲,22.0973,0.742,0.08,4.9958
780,乾海帶,219.9825,10.0465,1.1035,47.2883
781,裙帶菜,35.7335,2.9585,0.5798,5.9306
782,乾裙帶菜,224.9262,22.917,0.684,40.8099
783,乾裙帶菜根,201.3949,6.178,0.632,46.133
784,鳳尾藻,224.0688,17.886,1.9884,41.1704
785,洋菜,306.1743,0.3,0.0,78.3047
786,壽司海苔片,277.8906,46.458,3.6924,32.1193
787,寒天脆藻,10.2777,0.042,0.0486,2.5028
788,木耳,37.9503,0.856,0.1457,8.8431
789,冷凍木耳,50.9147,0.86,0.05,12.37
790,乾木耳平均值,333.231,13.7708,0.6806,74.7321
791,乾木耳(紅耳仔),328.7587,6.1495,0.1512,79.8414
792,乾木耳(黑耳仔),337.7033,21.392,1.21,69.6227
793,乾川耳,320.8761,12.714,1.0245,71.536
794,銀耳,21.5239,0.457,0.185,4.8149
795,白毛木耳,44.8771,1.166,0.0646,10.585
796,乾銀耳,310.0816,9.2807,1.1582,70.7877
797,銀耳罐頭,47.6069,0.08,0.09,11.96
798,草菇,35.7491,3.8025,0.345,5.8715
799,草菇罐頭,30.5562,3.2895,0.105,5.3997
800,雞腿菇,35.8226,2.121,0.1397,7.4606
801,雞腿菇(乾),297.5585,20.138,1.4022,59.7591
802,松茸,35.7479,3.146,0.5382,5.8976
803,白精靈菇,35.623,2.105,0.3768,6.9113
804,柳松菇,35.767,3.7043,0.3277,5.9792
805,乾柳松菇,285.7564,23.48,1.881,53.4602
806,香菇平均值,38.5079,3.0243,0.124,7.576
807,香菇(大),37.1935,3.0383,0.1661,7.1392
808,香菇(小),25.8774,2.4185,0.0609,4.8798
809,花菇,52.4527,3.616,0.145,10.709
810,乾香菇平均值,320.9407,20.9261,1.5631,64.8799
811,乾香菇,332.5605,23.3118,1.3833,66.6424
812,乾花菇,316.7305,17.0485,1.0793,67.4435
813,乾白花菇,309.8967,18.714,1.0908,64.5477
814,乾鈕釦菇,324.575,24.63,2.6989,60.8858
815,醃漬香菇,50.4262,3.04,0.12,10.63
816,姬松茸,40.4188,4.0275,0.369,6.8662
817,乾姬松茸,293.6293,33.967,2.6788,46.7216
818,酒杯菇,49.9389,4.583,0.3469,8.9815
819,秀珍菇,27.5205,3.3377,0.084,4.634
820,天喜菇,25.8722,4.504,0.5148,2.5033
821,白蠔菇,32.7085,2.16,0.2561,6.3861
822,玫瑰菇,34.904,4.514,0.127,5.6447
823,秀珍菇罐頭,26.9153,1.653,0.5,4.7178
824,杏香菇,26.2176,2.734,0.1442,4.5763
825,杏鮑菇平均值,41.3127,2.7185,0.208,8.3203
826,杏鮑菇(大),36.8808,2.4273,0.1332,7.5401
827,杏鮑菇(中),40.3456,2.4987,0.2101,8.2155
828,杏鮑菇(小),46.7118,3.2295,0.2807,9.2054
829,珊瑚菇,32.6677,3.9995,0.212,5.2345
830,蠔菇,26.1775,2.0533,0.2667,4.7604
831,鮑魚菇,21.8883,1.689,0.2,4.0485
832,金針菇,37.3304,2.5873,0.3049,7.1794
833,華翠菇,28.6648,2.494,0.2462,5.1461
834,金針菇罐頭,24.0142,1.724,0.2225,4.5218
835,滑菇,26.6925,2.6285,0.1951,4.6597
836,舞菇,27.5913,1.422,0.1402,5.8185
837,鴻喜菇,29.5935,2.9157,0.1487,5.3102
838,美白菇,27.0603,2.3595,0.2506,4.8156
839,洋菇,24.9732,3.039,0.2456,3.8347
840,冷凍洋菇,38.7583,3.79,1.45,4.28
841,洋菇罐頭,26.5582,2.912,0.265,4.2848
842,白茯苓,315.7816,0.99,0.19,79.8968
843,猴頭菇,30.3773,2.065,0.2374,5.8923
844,猴頭菇罐頭,28.6652,0.969,0.106,6.4716
845,乾猴頭菇,311.1703,12.287,3.354,64.3347
846,乾竹笙,312.116,17.517,1.9549,64.0664
847,松茸白菇,37.8902,5.073,0.4825,5.2719
848,金喜菇,39.1662,2.74,0.2484,7.6688
849,喜來菇,37.0486,3.539,0.4061,6.2506
850,富珍茸,37.4175,2.999,0.3757,6.7732
851,白鳳豆平均值,336.6138,23.768,2.061,58.2035
852,白鳳豆(台灣),347.9988,27.393,2.813,56.3637
853,白鳳豆(進口),325.2288,20.143,1.309,60.0433
854,米豆,349.1321,21.7395,2.4487,62.2114
855,花豆,328.4152,21.2243,1.7285,59.0416
856,花豆罐頭(糖漬),203.339,7.572,0.0,43.5047
857,紅豆,327.9899,20.922,0.6215,61.4714
858,紅豆罐頭(糖漬),231.574,8.02,0.283,49.4781
859,紅雲豆(大紅豆),327.607,20.186,1.4074,60.3886
860,甘納豆,333.1432,6.636,0.9712,74.4646
861,青仁黑豆,384.7922,36.9788,14.2338,33.7442
862,黃仁黑豆,253.1516,20.579,2.107,40.3211
863,黑豆胚芽,174.1206,19.234,7.0952,11.7916
864,烘烤黑豆,435.294,39.02,20.07,32.41
865,黑豆粉,430.962,36.0,17.6,39.0
866,毛綠豆,345.6951,22.138,1.2203,63.5534
867,綠豆,344.4722,22.7713,1.0997,62.961
868,綠豆仁,338.5752,24.615,1.2625,59.6054
869,綠豆粉,344.2899,21.74,1.54,62.89
870,高纖胚芽冬粉,369.5105,0.597,0.16,89.9508
871,冬粉,351.37,0.143,0.09,87.497
872,寬粉,349.4273,0.136,0.1265,86.9362
873,豇豆(莢),34.5072,2.3514,0.1393,6.1872
874,萊豆仁,112.3647,7.8297,0.4032,20.1034
875,萊豆仁(去膜),137.4046,7.403,1.3536,24.665
876,粉豆莢,27.0053,1.6605,0.1025,5.0087
877,敏豆莢,29.7036,1.746,0.2421,5.3117
878,冷凍菜豆(莢),56.8299,3.404,0.114,10.8265
879,毛豆仁,129.3,14.6025,3.3222,12.4871
880,帶莢毛豆,120.2617,12.909,1.73,14.9846
881,冷凍毛豆仁,134.6591,12.468,6.1316,9.8461
882,黃豆,388.8861,35.615,15.6693,32.9607
883,黃豆胚芽,180.4286,16.771,6.9514,15.7371
884,黃豆粉,400.9291,37.36,16.74,32.23
885,黃豆粉(有機),434.3999,41.96,21.9234,25.8722
886,豆漿,60.0273,3.1637,1.2845,8.953
887,豆漿(無糖),34.987,3.637,1.945,0.7335
888,雞蛋豆漿,55.66,1.85,1.26,9.23
889,鹹豆漿,37.0,3.5,1.8,1.7
890,黑豆漿,39.2844,1.13,0.58,7.3861
891,豆漿優酪乳,70.2183,1.98,1.1679,12.9468
892,DHA豆奶,43.502,1.72,0.5,8.0305
893,豌豆仁,123.3651,9.2025,0.35,21.7452
894,豌豆莢,40.6139,2.945,0.1699,7.1186
895,高山大豌豆莢,48.5462,2.37,0.0,9.9072
896,甜豌豆莢,42.3477,3.0444,0.1762,7.4469
897,冷凍豌豆仁,95.9772,6.0905,0.6085,17.1376
898,豌豆仁罐頭,122.6995,7.17,0.9235,22.1351
899,鵲豆莢,31.2651,2.4115,0.261,5.0891
900,鹽酥蠶豆,456.4117,26.928,20.865,46.2731
901,紅扁豆仁,342.7899,25.26,2.1197,58.3282
902,鷹嘴豆,363.965,19.359,5.79,61.014
903,樹豆(白),325.3997,22.1,0.8133,59.4362
904,翼豆,30.6793,2.469,0.3646,4.6831
905,牛小排平均值,324.9894,15.1305,28.8672,0.0
906,去骨牛小排,289.8278,17.1365,24.0194,0.0
907,帶骨牛小排,360.1509,13.1245,33.715,0.3875
908,無骨牛小排(美牛),335.1406,15.568,29.7855,0.1723
909,牛肋條,225.2573,18.638,16.15,1.1166
910,牛肋條(2021年取樣),358.0875,15.733,32.2514,0.3317
911,沙朗牛排,162.0033,20.432,8.2881,1.5127
912,板腱 ,166.2639,19.8345,9.0433,0.1704
913,牛去骨肩胛小排,233.4662,16.906,17.88,1.2152
914,牛前胸肉,330.5963,14.79,29.65,0.0
915,牛修清前胸肉,120.4818,22.28,2.81,0.9302
916,去骨紐約克牛排,199.5807,21.33,12.029,0.0
917,腓力牛排,184.2284,20.6265,10.66,0.1333
918,牛後腿肉,121.9141,19.439,4.3137,3.7037
919,牛後腿股肉,152.7283,20.6,7.1803,0.7897
920,牛後腿腱子心,139.1623,19.8387,6.0367,0.0
921,牛後腿腱子心(2022年取樣),151.081,23.713,5.524,3.9516
922,牛肉火鍋片平均值,250.3303,19.0555,18.7321,0.0172
923,牛五花肉火鍋片,430.3055,15.747,40.2512,0.0
924,牛紐約客火鍋片,262.6682,20.128,19.5922,0.0
925,牛梅花肉火鍋片,119.9585,20.3,3.6893,0.9048
926,牛嫩肩里肌火鍋片,188.389,20.047,11.3956,1.7868
927,牛肚平均值,55.7672,11.402,0.785,0.1171
928,牛肚(瘤胃),44.3055,7.482,1.37,0.0
929,牛肚切片(瘤胃),67.2289,15.322,0.2,0.2776
930,牛肚(蜂巢胃),106.655,18.9595,2.849,0.0
931,牛筋,157.3122,21.694,7.1706,3.268
932,滷牛筋,119.4282,21.099,2.7538,2.562
933,山羊帶皮羊肉塊,164.3677,20.258,8.6326,3.3944
934,山羊前腿肉片,122.521,21.3,3.5,0.0
935,山羊後腿肉火鍋片,170.3569,18.883,9.9475,0.074
936,綿羊肉切片,197.536,18.8,13.0,0.0
937,法式羊排,260.1895,18.76,19.965,0.0
938,去骨肩頸眼羊肉,198.0608,17.835,13.515,0.0
939,小羊腰脊肉,142.9707,26.477,3.3164,0.0
940,綿羊腹脅肉火鍋片,252.4413,16.941,19.9671,2.5322
941,豬下肩肉,200.0084,18.101,13.605,0.0
942,豬下肩瘦肉,131.1941,20.0675,5.045,0.0
943,豬上肩肉,206.9863,18.8845,14.0077,0.0
944,豬肩胛肉,294.6727,16.5457,24.8362,0.0
945,豬肩胛排,191.4284,17.94,12.73,0.0
946,豬肩胛排(2021年取樣),244.3685,17.76,18.6844,0.0
947,豬前腿外腱肉,146.482,20.6695,6.4549,0.0
948,豬後腿外腱肉,184.0185,19.011,11.4015,0.7915
949,豬後腿肉,122.7674,20.386,3.96,0.4183
950,豬後腿瘦肉,120.4244,21.0705,3.3762,0.2628
951,豬大里肌,211.7235,19.2457,14.3619,0.0277
952,豬大排,214.151,19.1,14.7,0.0
953,豬小排,287.4227,18.0063,23.341,0.0
954,僧帽肌,208.6355,20.388,13.4788,0.0
955,豬小里肌,139.2907,21.1225,5.4432,0.0
956,豬去皮腹脇肉,359.9549,14.9033,32.8512,0.4556
957,豬帶皮腹脇肉,368.157,14.54,33.9325,0.0
958,豬腹脇排,266.8645,18.744,20.7126,0.0
959,豬肝連,219.8831,14.583,17.4738,0.0
960,豬頰肉,182.1935,17.52,11.905,1.3775
961,豬頰肉(2022年取樣),156.98,18.944,8.4356,2.1227
962,豬頸肉,283.7689,17.237,23.3001,0.8429
963,豬絞肉平均值,211.6482,18.738,14.5939,0.0
964,豬絞肉(70％瘦肉率),217.8718,18.972,15.1731,0.0
965,豬絞肉(90％瘦肉率),205.4247,18.504,14.0147,0.0
966,豬心,128.0034,13.5745,7.765,1.0301
967,豬白管,92.5513,14.136,3.5688,0.0
968,豬皮,490.9051,22.119,43.9531,0.0
969,豬耳,218.9035,24.163,12.8301,0.8706
970,豬舌,185.0689,18.468,11.775,0.0
971,豬血,29.387,6.3017,0.2748,0.5152
972,豬尾,294.8934,16.188,25.03,7.1377
973,豬肝,136.5323,20.813,5.2839,1.6635
974,醃燻豬肝,166.5452,26.825,4.72,4.1913
975,膽肝,251.5,31.2,7.9,13.9
976,豬肚,151.9585,12.446,10.955,0.0
977,熟豬肚,136.5491,16.03,7.55,2.7008
978,豬油渣,836.8553,17.388,84.5464,0.0
979,豬骨湯平均值,7.9266,0.948,0.43,0.0274
980,豬大骨湯,7.0102,1.008,0.3,0.4034
981,豬肋骨湯,8.7319,0.693,0.64,0.0
982,豬肩骨湯,8.0376,1.143,0.35,0.2352
983,豬軟骨,331.9995,15.648,29.3994,0.0
984,豬腎,81.5053,15.0215,1.925,1.6766
985,豬脾臟,78.8247,15.038,1.62,2.0056
986,豬大腸,198.2199,6.592,18.855,1.9137
987,豬小腸,155.9844,12.4805,11.385,0.6162
988,豬空腸,185.6239,10.905,15.4168,8.6286
989,豬前腳,252.0291,21.887,17.58,0.0
990,豬後腳,292.7985,19.542,23.21,0.0
991,豬蹄膀,330.989,17.1,28.6,0.0
992,滷豬腳,237.4,28.4,15.4,0.0
993,豬腳筋,71.5662,14.377,1.1282,0.0
994,豬腦,124.59,10.8,8.7,0.0
995,土雞,196.0191,18.983,12.7452,0.0
996,肉雞,248.1543,16.121,19.88,0.0
997,烏骨雞,212.2272,17.863,15.0723,0.8945
998,烤雞,232.9428,22.753,14.16,3.6227
999,里肌肉平均值,109.0687,24.2488,0.6127,0.0
1000,里肌肉(土雞),111.6391,24.845,0.6154,0.0
1001,里肌肉(肉雞),106.4984,23.6525,0.61,0.0
1002,帶骨去皮對切胸(肉雞),103.766,22.4,0.9,0.0
1003,帶骨帶皮對切胸(肉雞),218.6381,19.327,15.09,0.0
1004,去皮清肉平均值,118.7989,23.335,2.124,0.0
1005,去皮清肉(土雞),120.8252,23.356,2.3387,0.0
1006,去皮清肉(肉雞),116.7727,23.314,1.9093,0.637
1007,骨腿平均值,162.7523,18.0477,9.4999,0.1763
1008,骨腿(土雞),129.6066,21.708,4.0924,0.0
1009,骨腿(肉雞),195.898,14.3874,14.9073,1.7137
1010,清腿平均值,157.4795,18.4827,8.7094,0.0
1011,清腿(土雞),142.13,20.4,6.1,0.0
1012,清腿(肉雞),172.8289,16.5654,11.3187,0.0
1013,棒棒腿平均值,151.1916,18.9143,7.808,0.0
1014,棒棒腿(土雞),142.888,21.0,5.9,0.0
1015,棒棒腿(肉雞),159.4951,16.8285,9.7159,0.3234
1016,雞排平均值,183.2356,17.096,12.2213,0.0
1017,雞排(土雞),158.275,18.9,8.6,0.0
1018,雞排(肉雞),208.1962,15.292,15.8425,0.0
1019,雞排(肉雞)(2021年取樣),251.1062,14.897,20.7867,0.0
1020,去皮去骨雞腿(肉雞),164.6535,19.804,8.8792,0.0
1021,二節翅平均值,225.5691,18.0893,16.4444,0.0
1022,二節翅(土雞),227.964,19.8,15.9,0.0
1023,二節翅(肉雞),223.1743,16.3785,16.9887,0.6317
1024,三節翅平均值,210.3016,18.3292,14.6382,0.0
1025,三節翅(土雞),198.39,19.0,13.0,0.0
1026,三節翅(肉雞),222.2132,17.6583,16.2763,0.0
1027,翅腿(肉雞),209.6877,17.759,14.84,0.9968
1028,雞絞肉,131.2671,27.44,1.563,0.0
1029,雞心(肉雞),189.6825,13.2535,14.755,0.1004
1030,雞心(肉雞)(2021年取樣),204.4271,14.445,15.8256,1.2067
1031,雞尾椎,452.2672,8.953,45.9022,0.0634
1032,雞肝(肉雞),111.3352,18.786,3.45,2.6984
1033,雞胗(肉雞),88.9813,16.635,1.99,0.2942
1034,冷凍烤雞翅,217.4,18.8,14.2,3.6
1035,雞胸骨湯,8.8239,1.475,0.28,0.211
1036,雞睪丸,70.6519,10.572,2.8281,0.2333
1037,雞腳(肉雞),208.5494,20.6625,13.3393,1.2454
1038,雞膝軟骨(肉雞),107.0999,20.404,2.2145,0.4959
1039,雞皮(肉雞),441.7161,11.668,43.4472,0.0
1040,太空鴨,319.2313,15.973,27.83,0.0
1041,番鴨,228.7584,18.23,16.7313,0.0
1042,太空鴨(去皮),101.8751,20.075,1.791,0.0
1043,土番鴨,110.891,20.9,2.4,0.0
1044,櫻桃鴨胸肉片,226.5303,16.701,17.2081,4.6863
1045,鴨腿,282.1871,14.353,24.49,3.3766
1046,鴨血,28.79,6.006,0.3486,0.0
1047,鴨胗,97.2723,20.499,1.08,0.3138
1048,去骨鴨掌,113.4891,12.589,6.6224,0.0
1049,鴨腸,93.6642,13.787,3.8574,0.0
1050,鴨賞,304.0,31.1,17.6,5.3
1051,鴨翅,170.289,22.751,8.1089,0.0
1052,鴨頭,199.043,16.497,14.2573,0.0
1053,鴨舌,187.1688,16.006,13.1733,0.0
1054,鵝肉,187.48,15.6,13.4,2.4
1055,茶鵝,351.91,15.55,32.55,0.0
1056,鵝胸肉,120.3312,23.46,2.2347,0.2075
1057,鵝腿肉,130.4105,21.692,4.1891,0.0
1058,熟鵝腿肉,291.867,18.5,23.6,0.0
1059,鵝心,241.374,14.512,19.89,0.0
1060,鵝肝,122.993,20.487,3.9372,0.6418
1061,鵝胗,95.2911,17.359,2.3468,2.8204
1062,鵝腸,62.9221,9.2195,2.6114,0.7315
1063,火雞肉,140.609,21.1,5.6,0.0
1064,鴕鳥菲力肉排,105.059,22.8285,0.8405,0.7987
1065,鴕鳥沙朗肉排,96.6667,20.899,0.8235,6.0579
1066,鴕腱肉,107.4703,18.714,3.0556,0.2231
1067,鴕腩肉,143.5977,21.166,5.9001,0.6619
1068,雉雞,123.7122,23.951,2.3771,0.0
1069,山豬肉,465.5617,11.881,45.99,0.0
1070,虎皮蛙,93.705,21.1,0.4,0.6
1071,蛇肉,84.738,19.0,0.4,0.0
1072,雙髻鯊,117.3257,27.35,0.06,0.0
1073,雙髻鯊腹肉,110.166,25.8,0.0,0.0
1074,鯊魚切片,105.9827,24.7865,0.016,0.0
1075,鯊魚煙,98.4281,22.294,0.3584,0.0
1076,魟魚,106.3566,24.76,0.07,0.0
1077,日本鰻鱺魚片(生),253.6951,18.091,19.5617,0.0
1078,日本鰻鱺魚片(蒲燒),275.8459,25.031,18.7321,0.8756
1079,灰海鰻,96.555,20.5,1.0,0.0
1080,魩仔魚,55.617,11.0715,0.9248,0.0
1081,魩仔魚平均值(加工),123.8314,26.213,1.3195,0.9992
1082,"魩仔魚(加工,大)",96.9106,20.672,0.958,1.0598
1083,"魩仔魚(加工,小)",150.7522,31.754,1.681,0.9386
1084,魩仔魚(加工),105.2438,23.03,0.7656,0.0
1085,鹽漬小鱗脂眼鯡(鹹馧仔),227.638,17.4,17.0,0.3
1086,日本銀帶鯡,101.4841,20.986,1.3164,0.0
1087,日本銀帶鯡(加工),111.2389,21.54,2.1356,1.1599
1088,日本銀帶鯡魚干(丁香魚脯),274.7603,51.766,5.9556,1.7404
1089,虱目魚平均值(去皮),178.8512,21.84,9.4894,0.1554
1090,虱目魚(2月),179.895,19.787,10.577,1.3422
1091,虱目魚(5月),189.4054,22.329,10.428,0.0
1092,虱目魚(8月),124.3504,23.731,2.552,0.4842
1093,虱目魚(9月),208.2709,21.99,12.68,0.0
1094,虱目魚(12月),192.3342,21.363,11.21,0.0824
1095,虱目魚(含皮),200.424,21.8,11.9,0.0
1096,虱目魚(2022年取樣),242.5397,20.073,17.3867,1.4442
1097,虱目魚腹肉(虱目魚肚),341.8283,17.431,29.645,0.0
1098,草魚切片,166.4064,21.381,8.327,2.0674
1099,草魚(含皮),91.484,17.2,2.0,0.8
1100,鯉,90.779,14.5,3.2,2.1
1101,鱅,144.793,18.7,7.2,0.0
1102,鬍鯰,194.077,16.3,13.8,0.0
1103,斑海鯰,86.0051,19.17,0.46,0.0
1104,長體油胡瓜魚,103.7925,15.002,4.4051,0.0
1105,香魚,146.8377,18.524,7.51,0.0
1106,銀魚,69.3265,14.343,0.896,0.8935
1107,白肉鮭魚切片,151.2298,22.563,6.0849,0.2913
1108,紅肉鮭魚切片,247.9482,24.331,15.9706,0.0
1109,大西洋鮭魚平均值(去皮),220.6336,20.1954,14.9001,0.0
1110,大西洋鮭魚(台灣養殖),154.92,23.63,5.9889,0.0
1111,大西洋鮭魚切片(中段),173.6711,20.697,9.4562,0.0
1112,大西洋鮭魚切片(尾段),203.5478,20.6735,12.7796,0.0
1113,大西洋鮭魚生魚片,221.8494,19.623,15.3059,0.0
1114,大西洋鮭魚腹肉,349.1797,16.3535,30.9701,0.0
1115,麥奇鈎吻鮭(去皮),159.8384,20.861,7.845,0.0
1116,麥奇鈎吻鮭(含皮),147.163,20.1,6.8,0.4
1117,姬魚,104.4879,24.09,0.18,0.0
1118,印度鐮齒魚,48.6261,10.395,0.47,0.375
1119,狗母魚(蛇鯔),103.1055,20.83,1.57,0.14
1120,鮟鱇,67.6823,14.876,0.4614,0.5815
1121,鯔平均值(去皮),152.4141,20.6176,7.1371,0.2659
1122,鯔(2月),137.0555,20.403,5.536,1.6031
1123,鯔(4月),132.5066,20.415,5.026,0.9421
1124,鯔(8月),223.9311,17.267,16.652,0.0
1125,"鯔(11月,雄魚)",129.0752,21.314,4.22,0.0
1126,"鯔(11月,雌魚)",140.9218,21.469,5.46,0.0
1127,"鯔(12月,雄魚)",137.0795,21.055,5.23,0.9479
1128,"鯔(12月,雌魚)",149.1434,21.789,6.22,0.2489
1129,鯔切片,169.5999,21.229,8.753,0.0244
1130,鯔(含皮),154.851,20.64,7.3967,0.0
1131,斑鰭飛魚,94.486,21.98,0.07,0.19
1132,斑鱵,90.9765,20.63,0.32,0.3121
1133,鱷形叉尾鶴鱵,97.6895,22.35,0.25,0.15
1134,金鱗魚,84.6607,19.51,0.15,1.26
1135,鱗馬鞭魚,83.8395,18.512,0.5314,0.0
1136,黃鱔,88.1099,17.616,1.429,0.9618
1137,石狗公,80.04,18.28,0.22,0.0
1138,環紋簑鮋,79.47,18.4,0.1,0.0
1139,深海鱗角魚,80.0463,17.69,0.5,0.0
1140,尖嘴鱸(去皮),98.2869,20.571,1.1584,0.1486
1141,尖嘴鱸(含皮),107.144,19.6,2.6,0.0
1142,日本花鱸平均值,97.9124,19.8504,1.458,0.8831
1143,日本花鱸(2月),94.8013,20.14,0.976,1.9139
1144,日本花鱸((3月),99.7437,19.992,1.594,0.5122
1145,日本花鱸((8月),95.3352,18.968,1.59,1.4975
1146,日本花鱸((11月),99.1356,20.534,1.27,0.0894
1147,日本花鱸((12月),100.5461,19.618,1.86,0.4023
1148,日本花鱸(含皮),111.1384,19.2,3.2322,0.7678
1149,白鱸,76.481,17.7,0.1,1.0
1150,條紋狼鱸,146.8154,21.3585,6.1657,0.0
1151,鱖,89.3019,17.678,1.5318,0.0
1152,白緣星鱠,101.0135,19.933,1.7627,0.0
1153,青星九刺鮨平均值,93.5025,20.927,0.4595,0.0
1154,青星九刺鮨,83.313,19.3,0.1,0.5
1155,青星九刺鮨魚片,103.6921,22.554,0.8189,0.0
1156,斑帶石斑魚,90.4736,20.181,0.4768,0.0
1157,龍虎石斑魚,121.7781,20.573,3.7618,1.1661
1158,斑點九刺鮨(去皮),81.6928,18.801,0.1566,0.9202
1159,斑點九刺鮨(含皮),83.7875,19.39,0.11,0.0
1160,棕點石斑魚,115.2697,19.083,3.7456,0.0
1161,鞍帶石斑魚片,155.3576,19.112,8.1762,0.2161
1162,駝背鱸,82.699,18.1,0.6,0.0
1163,橫紋九刺鮨,85.3076,19.25,0.3448,0.0
1164,大口黑鱸,129.9823,20.684,4.6188,0.0
1165,日本紅目大眼鯛,97.222,19.6,1.5,0.0
1166,血斑異大眼鯛,93.374,20.6,0.6,0.0
1167,多鱗沙鮻,90.246,18.6,1.2,0.6
1168,日本馬頭魚,85.071,18.74,0.56,0.0
1169,白馬頭魚,91.004,19.2,1.0,0.1
1170,鬼頭刀魚片,77.7927,17.237,0.4646,0.0378
1171,鬼頭刀,106.616,21.8,1.5,0.0
1172,海鱺,189.2712,20.4,11.3263,0.0
1173,海鱺魚片,260.1586,19.317,19.6979,0.0
1174,大口逆鈎鰺,103.008,21.8,1.1,0.1
1175,大甲鰺,104.956,21.2,1.6,0.4
1176,日本竹筴魚,116.3594,23.01,2.0074,0.0
1177,布氏鯧鰺(去皮),191.8116,20.271,11.669,0.0
1178,布氏鯧鰺(含皮),190.181,17.5,12.8,0.0
1179,杜氏鰤,115.0281,21.89,2.39,0.23
1180,長鰭鰤魚,114.4082,22.763,1.908,2.668
1181,范氏副葉鰺,108.333,20.941,2.097,2.0759
1182,泰勃圓鰺,112.5619,22.77,1.7,1.36
1183,烏鯧,94.1662,20.4,0.7825,0.0
1184,無斑圓鰺,119.191,23.9,1.9,0.0
1185,藍圓鰺,114.097,24.0125,1.282,0.0
1186,雙帶鰺,118.15,22.6,2.4,0.0
1187,眼眶魚,112.6255,20.25,2.9,0.2
1188,斯氏長鰭烏魴,96.55,22.4,0.1,0.0
1189,史氏紅諧魚,96.6845,21.133,0.7147,0.0
1190,希氏姬鯛,90.9136,21.08,0.1,0.48
1191,赤鰭笛鯛,88.01,20.4,0.1,0.0
1192,孟加拉笛鯛,87.2509,19.842,0.28,0.038
1193,前鱗笛鯛,101.2821,21.997,0.8154,0.9059
1194,馬拉巴笛鯛,86.2967,20.21,0.0,0.0
1195,單斑笛鯛,105.527,20.7,1.9,0.0
1196,黃擬烏尾鮗,80.3427,18.71,0.05,0.27
1197,葉唇笛鯛,118.11,19.944,3.6529,0.0
1198,松鯛,98.46,18.2,2.3,0.1
1199,三線磯鱸,129.838,19.0,5.4,0.6
1200,星雞魚,98.5202,20.58,1.18,0.387
1201,密點少棘胡椒鯛,94.089,19.5,1.2,0.0
1202,金線魚,119.009,20.9,3.3,0.0
1203,青嘴龍占魚,127.8757,22.689,3.4361,0.0
1204,網紋龍占魚,101.228,21.7,0.95,0.0
1205,平鯛,175.179,31.834,4.3512,0.0
1206,阿部牙鯛,123.7062,18.861,4.786,0.0051
1207,真鯛平均值(去皮),110.0982,20.5763,2.4653,0.1747
1208,真鯛(1月),100.0216,20.112,1.568,0.7276
1209,真鯛(3月),100.6184,20.801,1.308,0.7257
1210,真鯛(5月),86.7392,20.02,0.139,0.0
1211,真鯛(8月),175.992,20.584,9.767,1.672
1212,真鯛(9月),92.232,21.6,0.0,0.0
1213,真鯛(11月),104.9863,20.341,2.01,0.0
1214,黃鰭棘鯛,136.2839,19.221,6.01,0.5923
1215,黑棘鯛(去皮),136.2896,20.287,5.506,0.5781
1216,黑棘鯛(含皮),164.5605,19.5,9.0128,0.0
1217,多鱗四指馬鮁,145.905,18.9695,7.1957,0.0
1218,大黃魚,142.1148,16.78,7.812,0.1612
1219,小黃魚(去皮),99.832,20.0,1.6,0.0
1220,小黃魚(含皮),155.6318,19.36,8.0892,0.0
1221,白姑魚,96.512,18.8,1.8,0.0
1222,眼斑擬石首魚,94.5811,19.701,1.1594,0.8861
1223,黃姑魚,88.9668,19.42,0.67,0.0
1224,黑或(或字加魚邊),149.0819,17.93,8.04,1.24
1225,鮸,103.6202,23.312,0.4521,0.0
1226,鱗鰭叫姑魚,99.314,18.4,2.3,0.3
1227,黑斑海緋鯉,96.512,18.8,1.8,0.0
1228,斑點雞籠鯧,96.8622,21.945,0.35,0.0
1229,花身鯻,157.229,19.5,8.2,0.0
1230,花尾唇指翁(翁加魚邊) ,115.5321,19.79,3.44,0.63
1231,尼羅口孵非鯽(去皮),112.9338,20.356,2.884,0.0
1232,尼羅口孵非鯽(含皮),124.978,19.425,4.66,0.0
1233,尼羅口孵非鯽(含皮)(2022年取樣),121.8411,20.386,3.8573,2.9732
1234,花身副麗魚,112.4657,17.665,4.106,1.0753
1235,紅色吳郭魚,107.8461,18.268,3.3084,1.2726
1236,台灣鯛魚片(生),109.8465,18.1545,3.5839,2.5148
1237,台灣鯛魚片(生)(2021年),109.3707,17.884,3.6592,1.549
1238,台灣鯛魚片(水煮),129.939,23.4255,3.3162,1.3238
1239,台灣鯛魚片(油煎),161.8736,23.1,6.8564,1.9415
1240,"台灣鯛魚片(烤,190℃,10分鐘)",111.0746,19.6635,3.0057,1.773
1241,"台灣鯛魚片(烤,190℃,20分鐘)",134.1891,22.958,4.0087,2.0858
1242,"台灣鯛魚片(烤,230℃,10分鐘)",126.6487,21.277,3.9685,1.4974
1243,"台灣鯛魚片(烤,230℃,20分鐘)",142.1796,24.583,4.1253,2.5167
1244,台灣鯛魚片(清蒸),112.0396,19.2995,3.285,2.1751
1245,台灣鯛魚片(微波),139.9448,24.871,3.7412,1.3955
1246,台灣鯛魚湯(水煮),5.4858,0.9085,0.1781,0.0368
1247,莫三比克口孵非鯽,111.8194,19.512,3.16,0.0
1248,薔薇項鰭魚(去皮),95.8916,17.345,2.42,0.0
1249,薔薇項鰭魚(含皮),92.669,17.9,1.8,0.0
1250,藍豬齒魚,80.799,18.5,0.2,0.2
1251,福氏鸚哥魚(去皮),84.1852,19.631,0.04,0.168
1252,橫紋鸚哥魚(含皮),80.5797,18.85,0.01,0.0
1253,藍點鸚哥魚,86.4787,20.147,0.05,0.5898
1254,金錢魚,196.0251,19.27,12.61,0.0
1255,褐臭肚魚,164.159,19.94,8.76,0.63
1256,杜氏刺尾鯛,137.2675,19.05,6.2,0.61
1257,後刺尾鯛,102.0777,20.392,1.6634,0.0
1258,鋸尾鯛,93.1362,18.96,1.35,0.2891
1259,大眼金梭魚,157.128,21.8,7.1,0.0
1260,鱗網帶鰆切片,272.4528,17.258,22.0356,0.0
1261,鱗網帶鰆(含皮),263.4838,18.0,20.69,0.0
1262,白帶魚,161.8025,19.6,8.6597,0.0
1263,大目鮪,103.4866,23.94,0.14,0.0
1264,正鰹,149.149,23.1,5.6,0.0
1265,花腹鯖,138.0951,23.9,3.9958,0.1042
1266,高麗馬加鰆,118.6378,19.44,3.95,0.26
1267,康氏馬加鰆切片(去皮),192.7929,18.6645,12.5383,0.0
1268,康氏馬加鰆切片(含皮),176.3471,19.33,10.4,1.52
1269,臺灣馬加鰆,180.062,20.2,10.4,0.0
1270,鮪魚生魚片,100.393,23.3,0.1,0.0
1271,鯖魚(生),416.9758,14.36,39.43,0.1804
1272,鯖魚(炒),410.1904,16.7,37.57,0.0845
1273,鯖魚(炸),555.2118,17.16,53.43,0.0708
1274,"鯖魚(烤,150度,10分)",411.6293,16.53,37.81,0.0
1275,"鯖魚(烤,150度,20分)",395.5101,19.05,34.83,0.0
1276,"鯖魚(烤,150度,30分)",535.9826,19.86,50.02,0.0
1277,"鯖魚(烤,180度,10分)",373.0521,20.17,31.81,0.0
1278,"鯖魚(烤,210度,10分)",472.4603,19.01,43.38,0.0
1279,鯖魚(煮),374.813,14.9,34.5,0.4381
1280,鯖魚(煎),403.3312,20.01,35.94,0.0
1281,鯖魚(蒸),391.7428,14.64,36.5,0.7209
1282,鯖魚(醃製),280.8,14.9,24.0,1.3
1283,鯖魚(醃製)(2022年取樣),262.4488,17.047,21.0264,9.7593
1284,旗魚切片,110.9004,25.972,0.0,0.8241
1285,旗魚腹肉,104.677,22.197,1.0971,0.0
1286,刺鯧(去皮),94.5503,18.837,1.565,0.102
1287,刺鯧(含皮),154.5256,17.779,8.715,0.0
1288,星斑真鯧,213.6229,15.55,16.322,0.0
1289,銀鯧平均值(去皮),114.9871,17.7126,4.363,0.1991
1290,銀鯧(2月),122.5975,17.862,5.136,0.0
1291,銀鯧(3月),119.6677,17.554,4.957,0.7332
1292,銀鯧(5月),105.1714,16.375,3.908,0.0
1293,銀鯧(8月),101.3781,17.692,2.864,1.558
1294,銀鯧(12月),126.1206,19.08,4.95,0.1866
1295,銀鯧(含皮),124.0168,16.8,5.7961,1.1039
1296,斑鱧,118.731,18.3,4.5,0.0
1297,大口鰜切片(含皮),166.499,14.7,11.5,0.0
1298,鰈魚切片,201.1875,13.203,16.0544,0.0
1299,雙線鬚鰨,92.189,19.9,0.8,0.3
1300,單角革單棘魨(去皮),78.6532,17.158,0.5974,0.0
1301,單角革單棘魨(含皮),76.433,17.9,0.0,0.0
1302,克氏兔頭魨,76.908,17.8,0.1,0.0
1303,翻車魨腹肉,47.4541,10.208,0.4286,0.692
1304,犬牙南極魚切片,281.8263,12.1075,25.513,0.0
1305,低眼無齒芒魚片(芒加魚邊),75.6232,14.171,1.6755,0.0
1306,秋刀魚,276.6396,18.8,21.7698,4.1302
1307,長體油胡瓜魚(柳葉魚)(裹粉未炸),171.3178,12.887,4.883,18.9557
1308,圓鱈魚鰓肉,84.0575,14.503,2.4534,3.9245
1309,鯛魚下巴,245.0598,16.052,19.5696,0.0
1310,鯊魚翅,185.745,43.5,0.0,0.0
1311,魚翅唇,47.466,9.933,0.5601,0.0
1312,翻車魨魚皮,59.1003,13.724,0.0553,0.0
1313,鯊魚皮,58.2338,13.467,0.0809,0.0
1314,魚漿(旗魚),110.1006,16.838,1.2622,7.8472
1315,油魚卵(加工),445.3866,46.627,27.3048,0.0
1316,圓鱈魚卵(加工),84.3522,11.221,4.389,0.0
1317,鮸魚卵(加工),184.0934,21.856,10.063,3.6045
1318,鯔魚卵,256.0665,26.318,15.93,3.1944
1319,鯔魚卵(加工),232.5326,36.581,8.4625,18.6962
1320,鯔魚卵(加工)(2022年取樣),424.659,38.917,28.6567,4.4123
1321,鰆魚卵,192.5105,23.496,10.2198,0.245
1322,鰹魚卵,183.6889,21.493,10.19,0.6398
1323,醃漬鮭魚卵,218.2031,24.938,10.1747,6.7197
1324,鯔魚精囊,88.8234,17.274,1.67,0.0
1325,鮟鱇魚肝,135.8266,13.617,8.6122,1.9139
1326,旗魚肚,99.4642,22.491,0.38,2.894
1327,鮪魚肚,105.788,23.352,0.6735,0.0
1328,小魚干,335.172,69.2,4.4,0.0
1329,扁魚干,354.2749,66.2917,7.8946,1.0648
1330,香魚片,307.125,36.101,0.7178,39.0652
1331,柴魚片,382.579,76.5,6.2,2.6
1332,羅氏沼蝦,88.034,20.3,0.15,0.2115
1333,北方長額蝦(加工),121.9806,19.94,4.0839,2.662
1334,東方異腕蝦,78.4606,17.72,0.31,0.0
1335,胭脂蝦,114.385,13.832,6.1333,0.7144
1336,日本玻璃蝦,82.5617,16.248,1.4615,1.9755
1337,相模後海螯蝦,79.1294,17.94,0.28,0.0
1338,中國對蝦,84.215,19.3,0.2,1.0
1339,日本對蝦平均值,96.7925,21.2825,0.6559,0.3962
1340,日本對蝦(大),97.2737,21.632,0.5438,0.0
1341,日本對蝦(小),96.3113,20.933,0.768,1.8173
1342,白對蝦平均值,99.354,21.3463,0.9097,0.0
1343,白對蝦(大),109.2375,22.325,1.5421,0.0
1344,白對蝦(小),96.1628,21.39,0.5352,0.0
1345,白對蝦(小)(2022年取樣),92.6618,20.324,0.6517,1.3149
1346,哈氏彷對蝦,81.9359,18.724,0.22,0.566
1347,草對蝦,100.208,22.0,0.6949,1.0051
1348,藍對蝦,95.204,20.924,0.6495,0.0
1349,鬚赤蝦,92.0872,20.7,0.41,0.58
1350,大管鞭蝦,87.6555,19.81,0.34,0.62
1351,隆脊管鞭蝦,96.171,22.1,0.2,0.6
1352,螳螂蝦,66.828,14.7,0.45,0.0
1353,日本龍蝦,92.707,21.5,0.1,1.0
1354,正櫻蝦(生),88.4371,17.895,1.3332,0.0
1355,正櫻蝦(熟),96.6951,19.642,1.4217,0.0
1356,正櫻蝦(加工),252.6889,52.557,3.1342,13.429
1357,大頭蝦仁,39.9111,8.842,0.239,0.0
1358,明蝦仁,51.6975,11.879,0.108,0.0
1359,紅蝦仁,43.3707,9.464,0.3281,1.543
1360,海鱸蝦仁,73.4793,16.275,0.4418,1.2765
1361,草蝦仁,43.9958,9.682,0.2942,0.8956
1362,鳳尾蝦仁,64.4543,13.368,0.8174,0.3063
1363,鬚赤蝦仁,79.563,17.103,0.7243,0.0
1364,龍蝦卵(調味),63.8752,6.716,1.806,5.1893
1365,蝦皮,155.198,33.6,1.3,2.7
1366,蝦米,263.6998,57.1,2.2043,0.0
1367,金鉤蝦乾,256.7368,54.64,2.5969,0.0
1368,紅蟳,121.715,20.9,3.6,6.5
1369,蛙形蟹,71.8315,16.59,0.11,2.76
1370,蟹腳肉,52.6282,11.643,0.3229,1.1756
1371,竹蟶(冷凍),41.5107,8.991,0.3458,1.1801
1372,真牡蠣平均值,54.28,9.3878,1.5737,4.2387
1373,真牡蠣,49.3481,8.9855,1.2173,1.7674
1374,帶殼真牡蠣(生蠔),59.2119,9.79,1.93,6.71
1375,黑齒牡蠣,55.4267,9.739,1.5345,3.105
1376,蝦夷海扇蛤,69.612,13.7155,1.2247,2.3343
1377,綠殼菜蛤,95.55,17.772,2.18,2.6441
1378,綠殼菜蛤干(淡菜),263.1049,43.651,8.505,23.929
1379,西施舌,52.8599,8.915,1.64,5.365
1380,台灣蜆,51.1626,8.94,1.44,9.7723
1381,大文蛤,20.5066,4.38,0.2,1.5142
1382,文蛤,36.9374,7.6105,0.4923,2.7132
1383,波紋橫簾蛤 ,48.3223,9.184,1.0096,4.6406
1384,菲律賓簾蛤,36.8107,7.52,0.5211,4.0743
1385,環文蛤,45.9777,8.738,0.9608,3.677
1386,干貝(冷凍),57.4595,12.668,0.3733,1.676
1387,干貝(乾)平均值,242.2435,53.7005,1.4349,10.8178
1388,干貝(乾),256.109,58.5,0.7,15.5
1389,小干貝(乾),228.378,48.901,2.1697,6.1355
1390,牡蠣干,242.72,41.0,7.5,26.2
1391,真烏賊平均值,57.1921,12.1775,0.5759,3.6793
1392,真烏賊(大),61.3945,13.85,0.25,0.75
1393,真烏賊(小),52.9897,10.505,0.9017,6.6085
1394,章魚,60.922,13.0,0.6,0.9
1395,阿根廷魷,70.7838,12.439,1.9589,0.3703
1396,泡魷魚,50.253,11.283,0.23,2.9877
1397,台灣鎖管,71.928,16.0,0.4,1.6
1398,尖鎖管 ,100.0808,20.2,1.5329,2.3604
1399,軟翅仔,69.9598,14.681,0.8062,0.8415
1400,香螺 ,86.0218,19.9365,0.099,0.0
1401,象牙鳳螺,78.1302,16.917,0.6535,3.5796
1402,泥螺,94.5793,21.535,0.291,0.2805
1403,雪螺,40.232,8.877,0.258,0.0
1404,九孔螺,73.07,15.0,1.0,5.8
1405,鮑魚,68.6773,15.7985,0.135,9.5466
1406,蠑螺(加工),65.0,14.8,0.2,11.0
1407,蝸牛肉,77.5601,16.714,0.6864,0.0
1408,烏賊精囊,43.4905,9.788,0.188,6.444
1409,小卷干,246.4023,53.202,2.1319,4.6951
1410,鹹小卷,97.553,20.1,1.3,1.9
1411,白海參,32.4037,7.399,0.0898,0.0
1412,仿刺參,35.7906,8.234,0.07,0.8001
1413,南美刺參,51.5209,11.961,0.0496,0.0
1414,紅海參,32.7196,7.462,0.095,0.0318
1415,黑烏參,28.7669,6.497,0.1136,0.0
1416,海蜇皮,18.7368,4.388,0.0,2.221
1417,雞蛋平均值,135.4033,12.6727,8.8859,1.633
1418,雞蛋(白殼),138.9603,12.8837,9.1782,1.2752
1419,雞蛋(黃殼),131.8464,12.4617,8.5935,1.9907
1420,土雞蛋,129.0928,12.9475,8.0534,1.6916
1421,土雞蛋(2022年取樣),137.0176,12.164,9.3107,1.8187
1422,烏骨雞蛋,159.743,12.66,11.5904,2.4437
1423,雞蛋(高DHA),131.9447,12.537,8.568,1.8487
1424,雞蛋(高次亞麻油酸),139.0774,12.431,9.41,2.8026
1425,雞蛋(高亞麻油酸),132.6254,13.02,8.41,0.8307
1426,初卵雞蛋,136.0875,12.279,9.152,1.3608
1427,雞蛋(高維生素A&E),134.0262,12.1,9.01,0.0
1428,雞蛋(高維生素E),143.1508,12.786,9.69,1.4127
1429,雞蛋白平均值,50.0184,11.171,0.1456,0.5265
1430,雞蛋白(白殼),47.5857,10.705,0.1011,0.0
1431,雞蛋白(黃殼),52.4511,11.637,0.19,1.1781
1432,烏骨雞蛋白,46.85,10.643,0.0495,1.6638
1433,雞蛋黃平均值,307.9919,15.2217,26.7878,3.5698
1434,雞蛋黃(白殼),330.0584,15.9843,28.8655,1.561
1435,雞蛋黃(黃殼),285.9254,14.459,24.71,5.5786
1436,烏骨雞蛋黃,343.6717,15.51,30.604,1.4401
1437,雞蛋黃(高維生素E),314.329,16.236,27.0,5.3503
1438,溫泉蛋,127.1723,12.945,7.8417,3.7843
1439,雞水煮蛋,144.2187,14.001,9.2211,1.7098
1440,雞皮蛋平均值,127.1815,12.496,8.0598,2.9538
1441,雞水煮蛋白,60.7781,13.557,0.1851,1.5401
1442,雞水煮蛋黃,342.5598,15.544,30.4643,2.9185
1443,茶葉蛋平均值,141.2559,13.6533,9.0607,2.2218
1444,茶葉蛋(市售),137.7131,13.522,8.7314,3.5119
1445,茶葉蛋(浸泡隔夜),144.7987,13.7846,9.39,0.9316
1446,茶葉蛋白(浸泡隔夜),57.5246,12.932,0.1265,0.3891
1447,茶葉蛋黃(浸泡隔夜),341.7277,15.7065,30.2935,2.1592
1448,雞皮蛋,132.3852,12.757,8.5105,3.5682
1449,土雞皮蛋,121.9778,12.235,7.609,2.3393
1450,滷蛋平均值,171.4212,16.4022,11.0762,4.6187
1451,雞滷蛋(市售),190.7914,15.6803,11.4042,6.3581
1452,雞滷蛋(現煮),178.4489,16.579,11.0665,3.1336
1453,雞滷蛋(浸泡隔夜),182.0692,16.9473,10.758,4.3645
1454,滷蛋白平均值,74.5153,16.6855,0.1959,4.5508
1455,雞滷蛋白(現煮),83.947,16.64,0.1962,3.9053
1456,雞滷蛋白(浸泡隔夜),89.4683,16.731,0.1955,5.1962
1457,滷蛋黃平均值,378.0717,17.0285,33.6838,1.9468
1458,雞滷蛋黃(現煮),375.7408,16.6395,33.7644,1.3258
1459,雞滷蛋黃(浸泡隔夜),382.3691,17.4175,33.6031,2.5678
1460,雞鐵蛋,287.5,26.6,17.5,5.9
1461,雞水波蛋,146.9589,11.584,10.6932,0.8217
1462,荷包蛋(不加油),161.9092,13.9765,11.1942,1.4475
1463,荷包蛋(加油1小匙),192.2388,13.0145,14.8524,1.6273
1464,煎蛋(不加油),160.5316,13.506,11.2689,4.8791
1465,炒蛋(加油3大匙),214.542,12.9025,16.0664,4.5836
1466,蒸蛋平均值,64.4478,5.2615,4.6017,2.1604
1467,蒸蛋(市售),31.5742,3.58,1.77,3.373
1468,蒸蛋(微波爐),82.2243,6.3665,6.0384,1.7743
1469,蒸蛋(電鍋),79.5448,5.838,5.9968,1.334
1470,鴨蛋,187.0186,13.147,14.3789,0.211
1471,紅面番鴨蛋,198.0024,13.14,15.6,0.0
1472,鴨蛋白,47.088,10.8,0.0,1.4
1473,鴨蛋黃,346.704,15.8,30.8,2.0
1474,鴨皮蛋,158.0959,12.7715,11.3539,2.6687
1475,鴨鹹蛋平均值,185.4818,13.3108,14.1293,1.0546
1476,鴨生鹹蛋,187.1493,12.492,14.71,0.0
1477,鴨熟鹹蛋,184.6277,13.71,13.8417,0.801
1478,鴨熟鹹蛋(薄鹽),184.6684,13.7305,13.8363,3.5234
1479,鴨鹹蛋黃,532.6879,23.62,47.6391,1.273
1480,鵪鶉蛋,172.196,12.666,12.9681,1.1517
1481,鵪鶉水煮蛋,162.8068,12.301,12.1036,0.0476
1482,鵪鶉皮蛋,158.4419,13.8085,10.891,1.7759
1483,鵪鶉鹹蛋,170.7421,13.73,12.2926,1.9173
1484,鵪鶉滷蛋,199.8945,16.197,14.3321,11.1139
1485,鵪鶉鐵蛋,439.13,28.82,26.93,20.37
1486,鴿蛋,96.1596,10.18,5.74,2.535
1487,鵝蛋,178.8098,10.0,14.99,3.194
1488,高脂鮮乳,72.5358,3.191,3.9956,6.147
1489,全脂鮮乳平均值,63.1961,3.112,3.5829,4.7582
1490,全脂鮮乳(1月取樣),62.3801,2.926,3.61,4.691
1491,全脂鮮乳(4月取樣),61.798,2.936,3.5582,4.6472
1492,全脂鮮乳(6月取樣),62.6849,3.187,3.5687,4.5756
1493,全脂鮮乳(9月取樣),63.8406,2.78,3.5816,5.294
1494,全脂鮮乳(10月取樣),64.0486,3.04,3.7049,4.7808
1495,全脂鮮乳(11月取樣),61.794,3.075,3.5,4.625
1496,全脂鮮乳(12月取樣),64.2362,3.225,3.435,5.2382
1497,全脂鮮乳(7月取樣),64.786,3.727,3.7047,4.2138
1498,中脂鮮乳,48.4924,3.1333,1.8667,4.8333
1499,低脂鮮乳,43.4609,3.0537,1.252,5.0172
1500,高脂強化鮮乳(鈣強化),68.0868,3.156,3.9352,5.1732
1501,高脂強化鮮乳(寡醣強化),69.1527,3.2,4.08,5.0712
1502,中脂強化鮮乳(脂肪酸調整),59.3384,2.02,1.99,8.5842
1503,低脂強化鮮乳(維生素E強化),40.6785,3.0,1.3381,4.1619
1504,低脂強化鮮乳(寡醣強化),46.1904,3.138,1.3267,5.4598
1505,脫脂強化鮮乳(鈣強化),42.1957,3.53,0.33,6.2589
1506,脫脂強化鮮乳(寡醣強化),36.4877,3.1145,0.3669,5.1586
1507,脫脂強化鮮乳(鐵強化),40.8342,4.15,0.17,5.5864
1508,中脂調味乳(巧克力),62.5491,1.941,1.9799,9.2415
1509,中脂調味乳(多穀類),67.4732,2.39,3.07,7.5708
1510,中脂調味乳(果汁),54.2095,1.6,1.5619,8.4381
1511,中脂調味乳(鈣強化),66.9114,2.3,2.558,8.942
1512,中脂調味乳(維生素強化),58.6514,2.0,1.9261,8.5739
1513,中脂調味乳(纖維&維生素E強化),64.698,2.4,2.1,9.3
1514,低脂調味乳(木瓜),60.9245,1.8,1.3049,10.4951
1515,高脂保久乳,71.0198,3.107,5.0787,3.3879
1516,全脂保久乳,61.9816,2.954,3.3772,5.0859
1517,中脂保久乳,48.4554,3.2265,1.8185,4.8304
1518,低脂強化保久乳(寡糖強化),45.945,3.204,1.0465,5.96
1519,中脂調味保久乳(巧克力),60.3041,1.897,1.7369,9.271
1520,中脂調味保久乳(布丁),60.9,1.6,1.7,9.8
1521,全脂奶粉,504.1563,26.379,28.2449,37.0143
1522,部份脫脂奶粉,420.4767,32.8,11.6101,46.0899
1523,部份脫脂奶粉(即溶),445.2603,23.664,16.43,51.6267
1524,部份脫脂低乳糖奶粉,415.8463,34.63,10.39,45.6455
1525,脫脂奶粉,360.6573,36.214,0.9139,51.1603
1526,脫脂奶粉(即溶),359.7235,38.0,0.9629,48.8371
1527,全脂強化奶粉(纖維強化),499.507,25.6,27.0,39.5
1528,部份脫脂強化奶粉(鈣強化),407.9678,25.036,11.7819,51.0339
1529,部份脫脂強化奶粉(纖維&DHA強化),475.935,23.169,22.07,47.2889
1530,部份脫脂強化奶粉(纖維&鈣強化),375.0025,35.923,3.6776,48.9109
1531,部份脫脂強化奶粉(脂肪酸調整),481.0641,22.722,23.48,45.9049
1532,脫脂強化奶粉(抗氧化),365.9038,32.343,1.01,56.5688
1533,脫脂強化奶粉(鈣&維生素A強化),360.0329,38.0,1.0258,48.7742
1534,"脫脂強化奶粉(鈣&維生素C,E強化)",360.2211,32.781,0.6585,55.4155
1535,脫脂強化奶粉(鈣&鐵強化),360.238,35.6,0.6799,52.2609
1536,部份脫脂調味奶粉(巧克力),405.7988,14.054,6.8704,71.9373
1537,部份脫脂調味奶粉(果汁),430.0808,19.8,12.2593,61.4407
1538,脫脂稀釋發酵乳,68.0919,1.0663,0.0535,15.8363
1539,脫脂稀釋發酵乳(鈣強化),72.2203,1.015,0.0711,16.8801
1540,全脂濃稠發酵乳,90.1733,4.06,3.1889,11.3083
1541,中脂濃稠發酵乳,82.2568,2.873,2.2792,12.563
1542,中脂濃稠發酵乳(無糖&纖維強化),74.3746,3.163,2.217,10.4424
1543,中脂濃稠發酵乳(草莓),88.5982,3.129,2.687,12.9748
1544,低脂濃稠發酵乳,73.3448,2.3403,1.07,13.5884
1545,脫脂濃稠發酵乳,63.6955,2.988,0.3931,12.0514
1546,脫脂濃稠發酵乳(低熱量),36.967,2.041,0.119,6.933
1547,脫脂濃稠發酵乳(草莓),67.938,2.3,0.3876,13.8124
1548,脫脂濃稠發酵乳(啤酒酵母),34.4808,2.113,0.0636,6.3641
1549,高脂凝態發酵乳(纖維強化),94.6955,3.207,3.8007,11.9153
1550,全脂凝態發酵乳,97.2045,3.148,3.3461,13.6244
1551,中脂凝態發酵乳(草莓),101.9675,3.7,2.7135,15.6865
1552,中脂凝態發酵乳(蘆薈),90.0091,1.74,2.5227,15.0862
1553,脫脂凝態發酵乳(纖維強化),84.0967,4.056,0.4535,15.9478
1554,脫脂保久稀釋發酵乳,45.7419,0.137,0.1247,11.0179
1555,脫脂保久濃稠發酵乳(草莓&蘋果),68.2,3.0,0.2,13.6
1556,淡煉乳,135.929,6.5,8.3,9.1
1557,加糖部份脫脂煉乳,318.2775,7.506,7.7991,56.2462
1558,切片乾酪,309.2576,18.3195,23.6949,5.8799
1559,切片乾酪(低脂),240.6898,21.678,12.9989,8.7505
1560,刨絲乾酪,323.0455,25.143,22.584,4.4371
1561,乾酪粉,483.8398,40.397,34.0383,3.139
1562,鮮奶可可,79.6755,2.106,2.7451,11.6364
1563,木瓜牛奶,42.4734,1.653,0.5778,7.6653
1564,高脂鮮羊乳,65.2527,3.37,3.9501,4.1709
1565,中脂鮮羊乳,47.7281,2.697,2.41,3.8832
1566,保久羊乳,58.8631,2.9535,3.2627,4.5407
1567,中脂調味保久羊乳(巧克力),58.6278,1.1,1.461,10.2697
1568,中脂調味保久羊乳(果汁),75.2946,2.94,2.8338,9.5076
1569,全脂羊奶粉,510.4145,26.7,29.7568,34.8432
1570,全脂羊奶粉(即溶),517.3715,25.901,30.8219,35.1033
1571,牛油(未精煉),642.3349,0.0,71.93,4.2429
1572,牛油(精煉),885.2764,0.043,99.1351,0.5643
1573,豬油,889.9192,0.0,99.655,0.0
1574,豬油(2022年取樣),891.6605,0.0,99.85,0.0
1575,高油酸豬油,893.0,0.0,100.0,0.0
1576,雞油,890.8122,0.0,99.755,0.0
1577,"奶油(固態,不加鹽)",733.026,0.606,82.7195,0.8615
1578,"奶油(固態,加鹽)",698.8765,0.6715,77.5336,3.7439
1579,奶油(液態),339.9749,1.998,39.1051,0.0
1580,人造奶油(維生素強化),725.0683,0.084,82.0213,0.0
1581,人造奶油(2021年取樣),722.1175,0.086,81.6875,1.6846
1582,中脂人造奶油,673.7848,0.01,76.22,1.3
1583,人造奶油(低熱量),93.9692,2.508,10.63,29.5627
1584,大豆油,883.8886,0.0,99.9874,0.0
1585,大豆油(卵磷脂強化),880.1104,0.0,99.56,0.0
1586,大豆油(多種維生素強化),883.116,0.0,99.9,0.0
1587,玉米油,882.5617,0.015,99.8373,0.1058
1588,米油(秈米),883.4837,0.076,99.9416,0.0
1589,米油(粳米),883.116,0.0,99.9,0.003
1590,亞麻仁油,820.4369,0.171,92.8096,6.8532
1591,白芝麻油,883.6517,0.09,99.9606,0.0
1592,黑芝麻油,881.0165,0.086,99.6625,0.1765
1593,調合芝麻油,883.8046,0.065,99.9779,0.0
1594,花生油,883.116,0.0,99.9,0.0
1595,調合花生油,883.6004,0.023,99.9548,0.0
1596,油菜籽油,883.116,0.0,99.9,0.024
1597,芥花油,883.0435,0.0107,99.8918,0.0
1598,南瓜籽油,883.116,0.0,99.9,0.02
1599,紅花籽油,883.558,0.0,99.95,0.0
1600,高油酸紅花籽油,880.1661,0.0165,99.5663,0.3872
1601,核桃油,883.116,0.0,99.9,0.0223
1602,油茶油,883.3547,0.0,99.927,0.0
1603,熟油茶油,883.116,0.0,99.9,0.02
1604,高油酸棕櫚油,883.116,0.0,99.9,0.0
1605,椰子油,882.7624,0.0,99.86,0.0
1606,葵花籽油,883.5792,0.0,99.9524,0.0
1607,葵花籽油(多種維生素強化),883.0276,0.0,99.89,0.0134
1608,高油酸葵花籽油,883.116,0.0,99.9,0.01
1609,葡萄籽油,883.7666,0.0,99.9736,0.0
1610,橄欖油,883.5907,0.0,99.9537,0.0
1611,烤酥油,882.9198,0.0195,99.8778,0.0
1612,調合植物油,886.6564,0.028,100.3005,0.0
1613,中鏈脂肪酸油,883.116,0.0,99.9,0.0
1614,方糖,385.4624,,,99.6027
1615,冰糖,386.642,,,99.9075
1616,紅砂糖,384.6633,,,99.3962
1617,黑砂糖,365.3783,0.63,0.0,94.413
1618,麥芽糖,325.3714,,,84.0753
1619,果糖,297.4199,,,76.8527
1620,果寡糖,299.793,,,77.4659
1621,楓糖,257.8415,0.055,0.1,66.6257
1622,蜂蜜(冬蜜),315.2115,0.12,0.11,81.45
1623,蜂蜜(春蜜),308.1604,0.182,0.2,79.628
1624,黑糖蜜,280.3401,0.231,0.0,72.4393
1625,冬瓜糖磚,360.254,,,93.0889
1626,西瓜汁(非原汁),29.91,1.105,0.1188,6.1052
1627,芭樂汁(非原汁),45.07,0.15,0.07,10.96
1628,柳橙汁(非原汁),50.22,0.11,0.06,12.31
1629,柳橙汁(100%),47.6488,0.571,0.3008,10.6644
1630,烏梅汁,57.7954,0.259,0.163,13.8231
1631,黑棗茶,46.4,0.0,,11.6
1632,楊桃汁(非原汁),48.54,0.04,0.06,11.96
1633,葡萄柚汁(非原汁),41.33,0.21,0.21,9.65
1634,鳳梨汁(非原汁),47.61,0.26,0.17,11.26
1635,蔓越莓汁(非原汁),44.8998,0.927,0.113,10.0437
1636,檸檬汁(非原汁),32.65,0.789,0.1372,7.0648
1637,蘋果汁(非原汁),46.96,0.06,0.36,10.87
1638,蘋果汁(100%),51.0751,0.12,0.2015,12.1954
1639,蕃茄汁(非原汁),22.39,0.74,0.19,4.43
1640,仙草蜜,35.2,0.0,0.0,8.8
1641,薑母茶,28.04,,,7.01
1642,蘆薈露飲料,43.56,0.0,,10.89
1643,黑豆茶,12.754,,,3.1885
1644,龜苓茶,33.0144,0.0,0.0,8.2536
1645,果汁醋飲料(綜合),37.25,,,9.3125
1646,可樂,51.36,,,12.84
1647,可樂(低熱量),1.32,,,0.33
1648,沙士,36.68,,,9.17
1649,加鹽沙士,40.756,0.834,0.0,9.355
1650,沙士(低糖),43.4148,0.0,0.0,10.8537
1651,汽水(綜合口味),42.34,,,10.585
1652,汽水(維生素強化),45.88,,,11.47
1653,美式咖啡(無糖),2.3671,0.209,0.0587,0.2507
1654,無糖咖啡飲料,3.7584,0.226,0.0944,0.5012
1655,拿鐵咖啡(無糖),42.9532,2.981,1.9528,3.3635
1656,咖啡(三合一),39.39,0.881,0.35,8.179
1657,紅茶茶湯,0.1376,0.057,,0.0
1658,紅茶(大麥),34.432,0.0,,8.608
1659,紅茶(蘋果),36.68,0.0,,9.17
1660,烏龍茶茶湯,0.0812,0.0,,0.0203
1661,烏龍茶,0.4,0.05,,0.05
1662,"烏龍茶(去冰,微糖)",15.5005,0.0708,0.0121,3.7771
1663,"烏龍茶(去冰,半糖)",21.0873,0.0633,0.0029,5.202
1664,"烏龍茶(去冰,全糖)",35.6678,0.0633,0.0114,8.828
1665,綠茶茶湯,0.3648,0.053,,0.0382
1666,綠茶,21.52,0.0,,5.38
1667,鮮奶茶(無糖),26.5077,2.018,1.4317,1.3876
1668,奶茶(三合一),41.97,0.458,0.25,9.472
1669,"烏龍奶茶(去冰,微糖)",59.3231,0.2473,2.8983,8.0623
1670,"烏龍奶茶(去冰,半糖)",62.3074,0.241,2.5606,9.5745
1671,"烏龍奶茶(去冰,全糖)",74.7962,0.2348,2.755,12.2655
1672,"珍珠奶茶(去冰,微糖)",75.3154,0.2323,2.2518,13.53
1673,"珍珠奶茶(去冰,半糖)",83.5089,0.2488,2.7301,14.4857
1674,"珍珠奶茶(去冰,全糖)",94.0235,0.2423,2.3875,17.8917
1675,奶茶沖泡包(三合一),451.9328,1.724,12.85,82.3467
1676,茉莉花茶湯,0.2524,0.064,,0.0
1677,茉莉花茶,28.48,0.056,,7.064
1678,菊花茶,29.64,0.0,,7.41
1679,多多綠茶(全糖),49.019,1.059,0.0882,10.9973
1680,冬瓜茶,33.04,0.0,,8.26
1681,乳酸飲料,44.68,0.22,0.0,10.95
1682,維生素強化飲料(胡蘿蔔素),39.4,0.0,,9.85
1683,維生素強化飲料(綜合),54.12,0.15,,13.38
1684,維生素強化飲料(維生素C),57.04,,,14.26
1685,運動飲料,28.44,0.08,,7.03
1686,米醋飲料,52.16,,,13.04
1687,即溶咖啡粉,362.6972,16.612,1.27,71.2048
1688,咖啡沖泡包(二合一),491.0605,6.75,23.2925,63.607
1689,咖啡沖泡包(三合一),436.6348,4.843,9.48,82.9857
1690,紅茶沖泡包(檸檬),397.9068,,,99.4767
1691,米漿粉,444.1132,9.08,12.28,74.3183
1692,麥片沖泡包(三合一),408.7,11.0,7.5,74.3
1693,三合一麥片(野菜蘑菇),399.212,6.804,9.0124,72.7211
1694,糙米麩,386.9397,7.8195,3.3229,81.4389
1695,麵茶粉,423.0929,7.196,6.9869,82.8567
1696,植物燕麥奶,436.8382,11.95,13.2298,67.4925
1697,杏仁茶沖泡包,399.27,3.53,5.15,84.7
1698,芝麻糊沖泡包,458.34,9.31,15.38,70.67
1699,綜合堅果穀物沖泡包,453.0991,13.29,15.3563,65.4331
1700,豆漿粉,433.6984,37.39,17.11,32.5371
1701,薑茶沖泡包,398.5652,0.3,0.29,98.6888
1702,抹茶粉,361.0026,23.422,6.4335,63.0227
1703,可可粉,463.916,20.751,22.84,43.838
1704,椰奶,48.9899,0.215,2.0791,7.3545
1705,八角,359.6672,4.92,3.86,76.2375
1706,小茴香粉,411.4881,19.537,25.8078,36.9974
1707,山葵粉,386.5876,10.08,6.06,72.9319
1708,五香粉,362.6913,8.73,8.89,68.0537
1709,甘草粉,340.7963,9.22,3.61,73.4421
1710,肉桂粉,342.6027,4.225,2.9148,78.7529
1711,西洋芹菜片,315.4074,24.354,6.7976,49.9241
1712,花椒粉,368.8851,9.98,9.2,63.2065
1713,洋香菜片,312.4439,24.364,7.4949,47.661
1714,洋蔥粉,356.6751,8.054,1.8482,82.078
1715,白胡椒粉,342.3453,3.73,1.06,78.7543
1716,紅胡椒粒,376.4848,5.913,13.7124,59.2614
1717,黑胡椒粉,371.7622,11.58,6.71,67.67
1718,綠胡椒粒,378.5887,11.272,7.3148,68.3661
1719,迷迭香粉,431.6464,5.864,21.8671,59.809
1720,荳蔻粉,448.2455,6.672,26.2038,50.5572
1721,蒜粉,331.5039,18.146,0.44,71.8663
1722,辣椒粉,387.3408,14.71,14.13,59.1109
1723,薑黃粉,358.4777,14.591,2.6745,69.0108
1724,薑粉,332.5012,10.392,3.6039,70.5409
1725,羅勒片,289.1452,23.265,5.761,46.1465
1726,花椒粒,368.3805,10.334,12.5261,53.5774
1727,七味唐辛子,463.0511,15.82,24.0667,45.7927
1728,沙茶粉,506.892,14.95,28.8,46.973
1729,豆酥,539.6326,30.098,38.061,19.1729
1730,咖哩粉,416.7524,13.89,14.13,58.5056
1731,咖哩塊,514.8127,5.626,34.5255,45.3948
1732,油蔥酥,517.6856,7.44,28.82,57.1364
1733,梅子粉,285.7872,1.955,3.8672,60.7906
1734,椰子粉,629.2387,7.1825,60.3325,27.8118
1735,蒜頭酥,451.6589,11.681,17.7741,61.242
1736,糖粉,398.87,0.038,0.1764,99.2826
1737,椰漿,207.5415,1.065,23.1103,0.0
1738,黃耆水,14.1566,0.889,0.0477,2.9303
1739,黃耆片,320.5102,14.93,1.5969,68.725
1740,陳皮,348.5884,6.874,2.4448,74.7723
1741,山楂,344.6128,1.93,2.4744,78.6558
1742,岩鹽,2.4667,0.035,0.0987,0.3596
1743,低鈉鹽,11.45,0.01,0.01,2.83
1744,味精,250.5008,44.5,,18.1252
1745,高鮮味精,269.28,45.0,,22.32
1746,鮮雞精,266.9916,10.83,10.07,33.2604
1747,鰹魚粉,240.079,21.909,1.0306,35.7919
1748,高湯塊(排骨),362.7969,12.507,23.8545,24.5196
1749,高湯塊(雞肉),340.294,14.71,24.84,14.4735
1750,高湯(豬大骨),49.1156,4.2,0.67,6.5714
1751,低脂高湯,2.1768,0.26,0.0,0.2842
1752,素食高湯,17.0368,0.278,0.0,3.9812
1753,米醋,9.6804,,,2.4201
1754,糯米醋,16.8084,0.12,0.0,4.0821
1755,高梁醋,27.24,,,6.81
1756,薏仁醋,13.0944,,,3.2736
1757,紅醋,4.5325,0.32,0.0057,0.8003
1758,香醋,2.8156,,,0.7039
1759,烏醋,36.7636,0.49,0.0,8.7009
1760,素食烏醋,41.7664,,,10.4416
1761,壽司醋,180.6768,,,45.1692
1762,醬油,90.0368,7.785,,14.7242
1763,薏仁醬油,83.4616,9.32,,11.5454
1764,黑豆醬油,113.7481,7.5103,0.1533,20.5818
1765,淡色醬油,77.7965,7.12,0.3621,11.5144
1766,薄鹽醬油(低鈉),77.3876,7.44,,11.9069
1767,薄鹽醬油(低鈉高鉀),56.3476,6.47,,7.6169
1768,醬油膏,103.3796,6.82,,19.0249
1769,黑豆油膏,146.2867,7.844,0.0543,28.6055
1770,薄鹽黑豆醬油膏,124.3704,7.62,0.06,23.3376
1771,味醂,219.8428,0.485,0.0,54.4757
1772,鮮味露,74.6136,20.11,0.07,0.0
1773,蠔油,155.9912,6.47,0.13,32.2353
1774,魚露,64.2895,10.222,0.2259,5.3421
1775,紅辣椒油,898.904,0.028,99.838,0.0625
1776,香油,883.116,,99.9,0.0
1777,蝦油,56.0529,7.362,0.0933,6.4413
1778,干貝醬,557.6785,16.653,51.0165,7.9795
1779,牛肉醬,507.0862,16.978,38.915,22.2348
1780,肉燥,397.2544,9.46,38.05,4.2411
1781,素肉燥,482.7248,12.385,42.57,12.5137
1782,義式乳酪醬,215.5136,8.796,16.9612,6.9197
1783,炸醬,397.6216,14.61,34.6976,6.7258
1784,素食炸醬,391.1924,13.865,35.2976,4.5135
1785,海苔醬,223.02,6.41,0.0,49.345
1786,麻醬,643.482,20.79,52.81,21.258
1787,速食乾麵麻醬包,676.385,13.198,64.0362,11.8168
1788,白醬,61.35,1.226,3.2452,6.8098
1789,青醬,83.0576,0.933,5.4092,7.6607
1790,蕃茄義大利麵醬,70.3102,3.158,2.4642,8.8751
1791,五味醬,139.9328,1.304,0.8096,31.8576
1792,牛排醬,130.28,2.49,0.0,30.08
1793,羊肉爐醬,129.6891,7.323,7.1903,8.9211
1794,沙茶醬,728.81,10.2,71.81,10.43
1795,素沙茶醬,670.28,7.55,66.04,11.43
1796,黃芥茉醬,74.4754,4.134,3.6798,6.2053
1797,山葵醬,338.1689,1.062,5.8973,70.2113
1798,金桔醬,84.1054,0.53,0.4262,19.5374
1799,海鮮醬,228.4339,1.793,2.2099,50.3432
1800,烤肉醬,156.84,5.21,0.84,32.11
1801,排骨醬,221.0868,2.292,4.41,43.0572
1802,甜辣醬,116.2,0.97,0.0,28.08
1803,甜麵醬,215.6064,4.48,2.39,44.0441
1804,朝鮮醬,106.0644,1.646,2.32,19.6501
1805,黑胡椒醬,116.891,2.517,0.5298,25.5137
1806,日式照燒醬,227.2319,2.991,0.5299,52.6247
1807,蒜蓉醬,281.5924,4.22,19.97,21.2456
1808,辣蒜蓉醬,78.456,2.32,4.21,7.8215
1809,辣椒醬,82.5834,2.605,2.895,11.5271
1810,蔥醬,148.6583,2.231,6.8463,19.5294
1811,糖醋醬,130.7492,1.86,2.56,25.0673
1812,蕃茄醬,113.776,1.61,0.06,26.699
1813,薑蓉醬,64.6532,1.0,2.57,9.3808
1814,蘑菇醬,58.1016,1.49,2.39,7.6579
1815,米豆醬,128.47,7.4,3.04,17.8775
1816,蒜味豆豉醬,269.5824,9.49,16.98,19.7006
1817,豆酥醬,671.1516,12.21,64.54,10.3629
1818,豆瓣醬,178.438,14.2,8.1,12.1845
1819,辣豆瓣醬,100.304,4.52,3.32,13.086
1820,紅麴醬,163.2231,4.582,0.5339,35.0225
1821,韭花醬,29.0736,2.087,0.31,4.4839
1822,香椿醬,507.2189,8.1265,51.7333,2.2783
1823,麻婆醬,189.9668,2.93,9.54,23.0967
1824,蝦醬,99.0644,19.59,1.71,1.3286
1825,沙拉醬,644.52,1.94,65.68,11.41
1826,沙拉醬(2021年取樣),629.5348,1.854,61.67,16.7722
1827,無蛋沙拉醬,479.3964,1.774,44.03,19.0076
1828,無蛋沙拉醬(2021年取樣),631.3152,0.251,59.84,22.9378
1829,千島沙拉醬,514.9603,0.956,49.3499,16.7468
1830,和風沙拉醬,128.6264,2.116,1.6516,26.3245
1831,凱撒沙拉醬,336.5499,1.375,29.0755,17.3426
1832,味噌,215.1577,10.6415,4.4701,33.0902
1833,法式奶酥醬,596.082,6.693,46.5464,37.5981
1834,巧克力醬(液體),276.7447,1.953,0.8115,65.4073
1835,草莓果醬,272.1952,0.3555,1.21,64.9708
1836,葡萄果醬,260.6,0.02,1.88,60.9
1837,柚子果醬,267.6964,0.623,0.78,64.5461
1838,桑葚果醬,226.8824,0.889,0.3964,54.9397
1839,白芝麻麵包醬,684.7635,20.027,60.3619,15.3496
1840,黑芝麻麵包醬,666.7447,10.628,57.3591,27.0002
1841,花生醬,656.5222,23.97,54.325,17.9293
1842,洋蔥麵包醬,276.4436,0.98,26.07,9.4734
1843,法式香蒜醬,790.9177,1.078,85.7285,3.7623
1844,無糖黑芝麻醬,612.3714,20.719,55.9537,17.7258
1845,液體奶精,262.2088,3.912,26.28,2.5102
1846,液體奶精(2021年),242.1527,2.208,24.0427,4.2341
1847,奶精粉,543.8,2.2,33.0,59.5
1848,奶精粉(2021年),549.6763,2.112,34.5507,57.568
1849,奶精粉(低脂),450.1284,2.092,15.65,75.2276
1850,炸排粉,343.7276,11.87,1.8,70.0119
1851,炸雞粉,332.878,8.34,1.72,71.0095
1852,蒸肉粉(五香),349.8236,10.28,1.07,74.7684
1853,熱狗粉,355.0384,8.35,0.88,78.4296
1854,麵包粉,369.6165,14.423,1.5081,74.5879
1855,酵母粉,346.9,46.29,0.02,40.39
1856,冷藏寧波年糕,219.5605,3.9283,0.5797,49.6575
1857,冷藏甜年糕,241.6428,2.296,0.39,57.2372
1858,冷藏廣式芋頭粿,108.6607,2.11,1.6003,21.4545
1859,冷藏廣式蘿蔔糕,110.9088,2.1605,2.3036,20.3836
1860,包餡甜麻糬(紅豆),329.0976,10.02,2.9224,65.679
1861,鹹麻糬,248.1,8.7,4.5,43.2
1862,芋仔餅,353.7,4.6,12.1,56.6
1863,月餅(棗泥),419.4,6.0,18.2,57.9
1864,綠豆凸,393.8775,6.9,15.8955,55.8045
1865,蕃薯餅,330.6,3.9,10.6,54.9
1866,車輪餅(紅豆),187.0216,2.057,1.0632,42.3062
1867,車輪餅(菜脯),183.3868,1.404,5.688,31.6447
1868,太陽餅,460.2215,5.3,20.5243,63.5757
1869,牛舌餅,411.3165,5.7,13.2233,67.3767
1870,蛋黃芋頭酥,216.5796,3.1,3.02,44.2499
1871,蛋黃酥,461.3055,11.4,26.4211,44.4789
1872,鳳梨酥,484.189,4.2,24.3578,62.0422
1873,蘿蔔酥,427.3355,7.5,20.9071,52.2929
1874,鳳眼糕,378.5615,3.8,0.8323,88.9677
1875,米粩,441.5405,2.6,13.7481,76.8519
1876,可頌,452.4956,7.319,26.1036,47.0718
1877,泡芙(巧克力),589.5895,10.3,40.3979,46.2021
1878,蛋塔,375.9786,4.065,21.6938,41.1186
1879,蛋塔(葡式),375.1438,3.682,25.8478,31.9464
1880,鬆餅,256.6734,3.234,2.6102,55.0614
1881,冷凍馬拉糕,319.9732,7.05,12.87,43.9858
1882,銅鑼燒,331.9506,3.394,9.9414,57.2255
1883,冷凍馬蹄條,194.4988,4.217,1.91,40.1102
1884,乳酪蛋糕,295.6886,6.971,21.2706,19.0923
1885,海綿蛋糕(圓形),343.8271,5.09,18.0767,40.1942
1886,提拉米蘇(圓形),327.7954,4.407,25.0806,21.1105
1887,蜂蜜蛋糕(原味),346.4778,6.514,14.5422,47.3855
1888,蜂蜜蛋糕(巧克力),340.823,6.912,15.645,43.0925
1889,蜂蜜蛋糕(起司),352.2688,7.428,18.122,39.8647
1890,黑森林蛋糕,276.7245,4.173,17.7881,24.9849
1891,土司,288.9169,9.532,6.2709,48.5877
1892,土司(含全穀粉),291.6309,9.981,6.1193,49.1583
1893,紅豆土司,319.3358,9.162,10.189,47.7467
1894,奶酥麵包,376.655,9.1,15.651,49.849
1895,肉鬆麵包,428.9362,8.108,22.9082,47.5826
1896,蜜糖甜甜圈(波/摩堤),396.2922,1.953,20.6722,50.6076
1897,糖粒甜甜圈(油炸),400.9975,5.311,19.8339,50.3121
1898,菠蘿麵包,377.921,9.2,15.0242,51.4758
1899,葡萄乾奶酥麵包,306.0605,8.359,7.8793,50.4277
1900,漢堡包,321.9346,9.079,7.3538,54.8586
1901,餐包,365.2053,7.185,14.9349,50.5128
1902,雙胞胎麵包,341.1959,8.384,7.7111,59.565
1903,仙草凍,19.3462,0.936,0.0734,3.7354
1904,咖啡凍,74.6934,0.145,0.1886,18.104
1905,果凍,90.9675,,0.1971,22.2984
1906,原味愛玉凍,1.6912,,,0.4228
1907,檸檬愛玉凍,52.5044,,,13.1261
1908,鮮奶布丁,110.1072,2.981,5.0824,13.1104
1909,烤布丁,138.1844,4.73,7.1268,13.7808
1910,黃布丁,109.7895,2.3,3.4779,17.3221
1911,豆花(花生),60.0585,2.03,0.9157,10.9243
1912,傳統豆花(未加糖),38.5209,3.166,1.9197,2.1449
1913,羊羹,288.6515,3.0,0.6903,67.6097
1914,巧克力冰淇淋,191.844,4.2,10.6088,19.8912
1915,香草冰淇淋,182.085,2.5,9.057,22.643
1916,紅豆牛奶冰棒,154.9059,3.458,4.8719,24.3067
1917,花生仁湯,108.375,2.84,5.143,12.682
1918,方塊酥,509.467,7.1,24.0534,66.1466
1919,夾心餅乾(草莓),516.895,4.8,27.379,62.821
1920,捲心酥,490.1546,6.072,19.8978,71.6966
1921,蛋捲(芝麻),548.8385,6.8,33.2877,55.5123
1922,煎餅,443.608,6.292,11.6872,78.3138
1923,營養口糧,424.2495,6.759,8.7283,79.6647
1924,蘇打餅乾(蔬菜),511.9169,7.843,24.7453,64.4593
1925,玉米餅乾(原味),504.3009,7.58,24.3085,63.8011
1926,洋芋片,552.922,5.2,34.3444,55.7556
1927,魚酥,563.776,8.3,36.5952,50.3048
1928,零食泡麵,483.8075,11.259,21.5191,61.2749
1929,雪餅,486.6134,5.752,19.379,72.2986
1930,沙其馬,486.9627,5.605,24.8395,60.2468
1931,牛奶巧克力,546.4649,9.36,32.5741,53.9645
1932,花生牛奶巧克力,488.6624,13.02,23.238,56.8601
1933,榛果牛奶巧克力,589.9411,8.98,40.4255,47.5479
1934,糖衣牛奶巧克力,481.1712,4.81,18.6092,73.6121
1935,代可可脂白巧克力,561.8931,8.635,34.6927,53.7797
1936,黑巧克力(85%),613.1219,10.862,46.1183,38.6523
1937,白芝麻糖,520.9572,8.401,26.2,62.8883
1938,黑芝麻糖,535.6884,8.532,30.3888,57.0153
1939,花生糖,562.3645,17.9,35.3009,43.2641
1940,花生貢糖,511.1667,13.53,26.3443,54.987
1941,牛軋糖,477.0257,9.678,21.6889,60.7784
1942,核棗糕,425.4256,2.478,14.58,71.0734
1943,水果軟糖,411.2392,1.25,8.4308,82.5905
1944,水果QQ軟糖,342.6326,6.83,0.229,78.3129
1945,牛奶軟糖,423.7636,2.85,11.13,78.0484
1946,巧克力牛奶軟糖,422.1566,3.395,11.315,76.6854
1947,太妃糖,438.3064,2.67,13.9,75.6316
1948,蓮藕糖,395.3968,0.2,0.39,97.7717
1949,枇杷糖,393.72,0.2,0.11,97.9825
1950,苦茶糖,396.4028,0.07,0.24,98.4907
1951,薑糖,359.4052,0.33,2.46,83.9863
1952,巧克力夾心糖,402.5916,0.73,2.77,93.6854
1953,維生素C口含錠(檸檬),398.6788,0.16,0.55,98.2722
1954,酵母菌咀嚼錠,390.598,23.59,5.62,61.4145
1955,乳酸球,474.4196,3.76,21.65,66.1324
1956,羊乳片,410.0185,23.4,10.0037,56.5963
1957,紅豆球,350.7804,7.07,0.97,78.4426
1958,綠豆球,345.8768,6.19,1.06,77.8942
1959,棉花糖,331.3038,3.22,0.3038,78.9224
1960,甘薯蜜餞,346.8,0.92,0.64,84.34
1961,芒果青,222.95,0.58,0.422,54.208
1962,芒果乾,370.8745,0.55,0.9749,89.9751
1963,芭樂果乾,346.9408,1.132,0.2,85.1532
1964,鳳梨果乾,348.4936,1.954,0.25,84.6069
1965,檸檬果乾,343.6312,0.832,0.21,84.6033
1966,葡萄乾,340.532,3.19,1.4504,78.6796
1967,無花果,364.9902,3.56,4.3,77.8
1968,豆干丁(五香),382.5638,35.387,18.0542,19.632
1969,豆干片(沙茶),464.2585,16.159,28.2205,36.4095
1970,布丁粉,418.7424,2.675,7.0504,86.1472
1971,冰淇淋粉(香草),430.1,15.9,11.7,65.3
1972,起酥片,403.6214,6.659,26.8778,33.7713
1973,廣東粥,81.361,4.9,2.8322,9.0678
1974,冷凍火腿炒飯,189.2,5.0,5.6,29.7
1975,冷凍蝦仁炒飯,147.919,4.7,3.4238,24.5762
1976,三角飯糰(肉鬆),218.7545,5.769,5.4649,36.6236
1977,糯米飯糰,335.2,5.9,17.6,38.3
1978,壽司(豆皮壽司),194.2865,6.283,4.7277,31.6513
1979,肉粽,234.8,8.2,8.8,30.7
1980,鹼粽,133.203,2.12,1.7079,26.8492
1981,冷凍筒仔米糕,212.0856,6.464,5.75,33.6199
1982,筒仔米糕,245.8,6.6,8.6,35.5
1983,豬血糕,193.8597,8.631,0.9153,37.7745
1984,鴨血糕,192.7845,6.687,1.0621,39.1194
1985,肉圓,136.033,3.1,1.6066,27.2934
1986,清蒸蝦仁肉圓,151.8,4.6,7.4,16.7
1987,甜酒釀,163.0593,4.95,0.4429,34.8183
1988,紫米酒釀,154.9061,4.184,0.4281,33.5793
1989,冷凍芝麻湯圓,352.4545,4.8,16.2509,46.7491
1990,冷凍花生湯圓,349.8315,5.2,15.6463,47.0537
1991,冷凍豬肉湯圓,281.398,6.5,12.1196,36.5804
1992,炒板條,149.4,4.2,4.2,23.7
1993,泡麵(牛肉口味),473.2845,9.6,24.4969,53.6031
1994,泡麵(鮮蝦口味),474.843,9.6,23.8486,55.4514
1995,擔仔麵,123.7,4.4,6.5,11.9
1996,冷凍牛肉水餃,215.1943,8.92,9.6763,23.1069
1997,冷凍豬肉水餃,207.749,8.071,9.665,22.12
1998,冷凍豬肉韭菜水餃,228.924,8.4,11.4648,23.0352
1999,冷凍豬肉蟹黃水餃,223.2216,7.771,9.79,26.0069
2000,冷凍香菇雞肉水餃,220.86,9.54,10.21,22.7025
2001,冷凍素食水餃,175.0255,8.7425,4.1107,25.7648
2002,冷凍鮪魚水餃,195.98,9.047,8.5,20.823
2003,冷凍豬肉熟水餃,235.2438,7.176,10.091,28.9302
2004,冷凍素食熟水餃,208.6077,7.155,5.3845,32.8818
2005,冷凍冬菜蝦仁餛飩,190.8615,9.1,6.2523,24.5477
2006,冷凍豬肉餛飩,239.6795,11.1,12.5759,20.5241
2007,冷凍菜肉餛飩,236.4835,9.1,16.3367,13.2633
2008,溫州餛飩,144.8755,6.5,7.9351,11.8649
2009,豬肉鍋貼,237.6475,7.8,11.2895,26.2105
2010,熟水餃(高麗菜水餃),199.3245,7.359,10.1201,19.7019
2011,冷凍叉燒包,266.1865,8.8,4.7573,47.0427
2012,冷凍酸菜焢肉包子,301.0116,8.641,13.08,37.1819
2013,冷凍芋泥包,263.0255,6.628,3.5519,51.1366
2014,冷凍豆沙包,246.5725,7.4,1.0745,51.8255
2015,冷凍芝麻包,340.774,7.2,11.6748,51.7252
2016,冷凍蓮蓉包,292.3,7.9,5.5,52.8
2017,冷凍叉燒包子,266.7999,7.123,6.0523,45.9593
2018,冷凍牛肉包子,268.6828,10.822,4.57,46.0662
2019,冷凍豬肉包子,266.2784,7.6235,9.2144,38.2137
2020,冷凍豬肉湯包,234.5305,10.1,14.3461,16.2539
2021,小籠包,241.5,9.6,15.5,15.9
2022,冷凍素菜包子,233.9785,8.6,3.7557,41.4443
2023,竹筍包,208.5225,6.888,5.4873,32.8962
2024,冷凍白饅頭,279.0712,7.412,2.37,57.0233
2025,白饅頭,248.4,8.1,1.2,51.3
2026,芋頭饅頭,154.7536,5.726,0.6356,31.5323
2027,花捲,227.4297,5.661,1.8777,46.9716
2028,冷藏堅果饅頭,306.9756,9.608,8.82,47.2909
2029,黑糖饅頭,234.9362,6.784,0.8754,49.9804
2030,冷凍銀絲卷(奶黃),282.9364,8.931,3.25,54.4906
2031,火腿蛋三明治,274.9121,10.851,13.1789,28.2245
2032,披薩(夏威夷),270.0742,12.017,8.6978,35.9315
2033,冷凍披薩(黑胡椒火腿),209.8664,9.323,6.85,27.7311
2034,蔥油餅,304.7865,8.314,9.3165,46.9205
2035,冷凍蔥油餅,257.9933,9.09,3.0749,48.4898
2036,冷凍蛋餅皮,230.9267,5.719,3.6779,43.7374
2037,燒餅,322.7,9.1,9.1,51.1
2038,韭菜盒子,217.1305,7.5,12.1461,19.4539
2039,大餅包小餅(紅豆),375.7,8.3,16.5,48.5
2040,水煎包,166.4661,4.27,5.3821,25.2368
2041,牛肉餡餅,224.978,9.6,10.3556,23.3444
2042,豬肉餡餅,327.225,6.218,23.3326,23.0899
2043,冷凍燒賣,187.7998,9.86,9.705,15.2537
2044,冷凍水晶包,211.026,4.76,7.81,30.424
2045,"冷凍,水晶餃",190.1877,2.828,3.5061,36.8302
2046,油條,551.3075,10.1,40.1815,37.3185
2047,冷凍春捲,271.7776,5.143,13.93,31.4589
2048,蚵仔煎,192.214,4.9,10.4428,19.6572
2049,棺材板,264.3,7.0,17.5,19.7
2050,油豆腐粉絲(阿給),146.2,6.9,6.2,15.7
2051,冷凍可樂餅(奶汁),114.3016,3.64,2.28,19.8054
2052,芋圓,213.694,0.923,0.16,52.1405
2053,粉圓,345.9676,0.244,0.0,86.2479
2054,冷凍甘薯條,181.7226,1.772,6.5214,28.9855
2055,冷凍馬鈴薯條,151.07,2.2,4.486,25.474
2056,台式泡菜,58.8166,0.9,0.2998,13.1296
2057,黃金泡菜,110.9288,2.426,5.6872,12.51
2058,韓式泡菜,35.1609,2.014,0.4181,5.8355
2059,花瓜罐頭,88.7205,2.9,0.2241,18.7759
2060,冷凍洋蔥圈,281.106,3.977,11.0468,41.4442
2061,醃辣椒,53.1436,1.931,0.316,10.6439
2062,佃煮黑豆,271.4506,10.498,6.163,43.4979
2063,豆干絲,170.11,18.31,8.63,4.8
2064,五香豆干,196.758,19.27,10.5596,6.1604
2065,小方豆干,161.04,17.4,8.6,3.51
2066,黑豆干,197.0871,19.029,12.5251,2.0613
2067,豆腐皮,209.4169,25.29,10.9777,2.3644
2068,日式炸豆皮,387.958,19.17,32.42,4.8745
2069,豆豉,236.6417,20.3763,11.5409,12.8171
2070,豆棗,420.3226,11.749,19.245,50.0304
2071,百頁豆腐,196.424,13.38,13.082,6.2915
2072,傳統豆腐,88.41,8.46,3.41,5.97
2073,傳統豆腐(2022年取樣),95.7024,9.58,5.5156,1.9355
2074,冷凍豆腐,130.8572,12.919,7.0532,3.9256
2075,小三角油豆腐,159.7459,12.723,13.3423,0.0
2076,嫩豆腐,53.1199,4.93,2.9943,1.6128
2077,雞蛋豆腐,79.3506,6.867,4.577,2.6724
2078,麻油辣腐乳,106.9855,8.96,5.7731,4.7969
2079,素肉,210.2383,23.939,10.0575,5.9912
2080,冷凍素雞塊,205.8296,14.174,8.12,19.0134
2081,花生麵筋罐頭,205.829,11.0,11.0858,15.5142
2082,香菇麵筋罐頭,192.4,10.7,10.0,14.9
2083,叉燒肉,252.5617,17.179,13.0929,16.5024
2084,切片火腿(牛肉),121.0468,15.853,2.22,9.4137
2085,切片火腿(豬肉),146.5701,16.525,4.9249,9.0365
2086,切片火腿(雞肉),148.4084,15.264,5.264,9.9941
2087,"條狀火腿(牛肉,黑胡椒)",112.89,18.85,2.33,4.13
2088,條狀火腿(豬肉),145.4555,16.2425,3.8187,11.5293
2089,醬肘子,133.9852,18.971,6.56,0.0
2090,培根,372.4689,13.5023,35.6209,0.0
2091,臘肉(五花肉),524.6003,18.45,49.0067,2.435
2092,臘肉(腿肉),376.9395,26.74,27.1647,6.3743
2093,片狀肉乾(牛肉),335.1964,30.3015,5.196,41.8066
2094,"片狀肉乾(牛肉,辣味)",334.9235,37.971,7.0347,29.9318
2095,片狀肉乾(豬肉),329.1977,30.019,5.0233,40.978
2096,條狀肉乾(豬肉),344.5673,43.237,7.9025,25.1242
2097,牛肉香腸,298.0708,20.656,20.45,7.8492
2098,香腸,354.2464,16.996,26.3308,12.3213
2099,香腸(蒜味),387.2926,16.6335,27.7526,17.7463
2100,蒟蒻香腸(蒜味),288.7356,19.4,14.87,19.3264
2101,小巧香腸,362.0761,15.11,28.2189,11.9165
2102,雞肉香腸(大),283.2324,22.39,16.28,11.7881
2103,雞肉香腸(小),458.5636,13.904,37.72,15.8669
2104,熱狗,257.3143,13.285,18.1331,10.2441
2105,德國香腸,274.7004,15.908,21.4248,4.5613
2106,冷凍小香腸,248.8756,14.82,17.76,7.4389
2107,冷凍珍珠丸,225.444,9.523,11.516,20.927
2108,冷凍貢丸,244.1073,16.64,20.2925,0.0
2109,冷凍雞肉丸,201.9356,10.535,12.3,12.2739
2110,冷凍牛肉漢堡肉,249.417,14.413,18.515,6.2825
2111,冷凍雞塊,227.6755,15.3,12.8951,12.6049
2112,豬肉脯,440.7,33.4,25.1,20.3
2113,豬肉酥,512.982,33.0,28.2764,31.6236
2114,雞肉酥,450.6096,26.683,14.56,53.2094
2115,肉羹,246.7735,9.718,14.7047,18.8898
2116,冷凍咕咾肉,184.3,6.4,9.5,18.3
2117,豬腳凍,144.6,16.6,7.8,2.0
2118,冷凍花枝丸,165.6721,12.728,6.9593,13.0316
2119,冷凍虱目魚丸,205.776,13.6643,11.8872,11.0335
2120,冷凍文蛤丸,210.6188,16.157,9.21,15.7752
2121,冷凍旗魚丸,159.6722,12.818,6.6966,12.0327
2122,冷凍鱈魚丸,98.8567,8.525,2.4255,10.7318
2123,冷凍蝦丸,122.7462,10.7615,2.335,14.6713
2124,冷凍花枝排,187.1619,5.491,7.2939,24.8882
2125,冷凍鮪排,143.3,13.4,0.9,20.4
2126,冷凍蝦餅,126.5,9.6,2.1,17.3
2127,冷凍干貝酥,146.1384,8.33,0.21,27.7321
2128,冷凍花枝塊,180.2416,11.25,7.45,17.0479
2129,冷凍旗魚塊,177.9772,15.261,6.48,14.6533
2130,冷凍蚵捲,213.4191,6.93,17.5431,6.9528
2131,冷凍魚捲,126.3,13.8,0.3,17.1
2132,冷凍蝦捲,155.9353,10.281,5.6677,15.9505
2133,冷凍魷魚圈,143.2,15.7,0.4,19.2
2134,冷凍花枝餃,176.9609,12.356,5.6185,19.2426
2135,冷凍香菇餃,232.8296,12.3,15.29,11.5049
2136,冷凍蛋餃,183.1335,12.07,14.0587,2.0813
2137,冷凍雪螺餃,203.61,11.59,10.03,16.745
2138,冷凍魚餃,277.4837,12.5485,19.5285,12.8833
2139,冷凍蝦餃,273.3348,11.3965,19.3,13.5122
2140,冷凍燕餃,321.4981,12.8415,23.5713,14.4976
2141,冷凍蟹味棒,117.7915,9.3,0.6783,18.6217
2142,冷凍魚卵卷,115.3379,12.903,0.1823,15.5213
2143,魚板,127.7921,9.986,1.9501,17.5743
2144,天婦羅,175.8945,12.4,4.6989,21.0011
2145,冷凍花枝漿,226.9158,11.176,12.6246,17.1476
2146,冷凍花枝羹,125.5,11.4,4.7,9.4
2147,魚肉脯,157.0375,21.9,12.3675,0.0
2148,鯖魚肉脯,684.566,33.77,60.38,1.5165
2149,魚肉鬆,469.8,28.2,20.2,43.8
2150,旗魚鬆,480.8651,31.319,22.8807,37.4157
2151,鮭魚鬆,451.7683,28.972,21.6211,35.3226
2152,香筍鮪魚罐頭,290.182,10.0,30.0364,0.0
2153,茄汁鯖魚罐頭,116.2647,17.577,3.8423,2.844
2154,沖泡濃湯(海鮮),354.6995,11.2,6.8599,62.0401
2155,玉米濃湯調理包,369.2894,4.363,5.903,74.6776
2156,生啤酒,69.5288,0.389,0.0,8.2432
2157,啤酒,67.0056,,0.0,8.8764
2158,陳年紹興酒,199.0776,1.84,0.0,19.0544
2159,白葡萄酒,134.3096,0.143,0.0,14.1844
2160,紅葡萄酒,136.5664,0.103,0.0,14.7886
2161,雞精,34.126,8.581,0.0,0.0
